id	noticia_original	alegacao	tema	tema_confianca	veredito	veredito_confianca	prob_v	prob_f	probabilidades_tema_json	tempo_ms
1_1	Ministério da Saúde leva à ONU experiências do SUS sobre menopausa e doenças raras	Ministério da Saúde leva à ONU experiências do SUS sobre menopausa e doenças raras.	Saúde	0.7090	V	0.8426	0.8426	0.1574	"{""Saúde"": 0.709, ""Política"": 0.2566, ""Economia"": 0.0042, ""Esportes"": 0.0041, ""Entretenimento"": 0.0022, ""Outros"": 0.0239}"	1617.3
1_2	Ministério da Saúde leva à ONU experiências do SUS sobre menopausa e doenças raras	Ministério da Saúde leva à ONU experiências do SUS sobre menopausa e doenças raras	Saúde	0.7152	V	0.8537	0.8537	0.1463	"{""Saúde"": 0.7152, ""Política"": 0.246, ""Economia"": 0.0044, ""Esportes"": 0.0047, ""Entretenimento"": 0.0025, ""Outros"": 0.0272}"	1617.3
2_1	Ministério da Saúde defende integração estratégica entre Brasil e México para fortalecer saúde pública na América Latina	Ministério da Saúde defende integração estratégica entre Brasil e México para fortalecer saúde pública na América Latina.	Política	0.5170	V	0.9179	0.9179	0.0821	"{""Saúde"": 0.4605, ""Política"": 0.517, ""Economia"": 0.0054, ""Esportes"": 0.0072, ""Entretenimento"": 0.0017, ""Outros"": 0.0082}"	1617.3
2_2	Ministério da Saúde defende integração estratégica entre Brasil e México para fortalecer saúde pública na América Latina	Ministério da Saúde defende integração estratégica entre Brasil e México para fortalecer saúde pública na América Latina	Política	0.4944	V	0.9022	0.9022	0.0978	"{""Saúde"": 0.4827, ""Política"": 0.4944, ""Economia"": 0.0049, ""Esportes"": 0.0075, ""Entretenimento"": 0.0019, ""Outros"": 0.0086}"	1617.3
3_1	Ministério da Saúde apresenta modelo de atenção à saúde indígena no México	Ministério da Saúde apresenta modelo de atenção à saúde indígena no México.	Saúde	0.8031	V	0.8476	0.8476	0.1524	"{""Saúde"": 0.8031, ""Política"": 0.1394, ""Economia"": 0.0079, ""Esportes"": 0.0058, ""Entretenimento"": 0.0052, ""Outros"": 0.0386}"	1617.3
3_2	Ministério da Saúde apresenta modelo de atenção à saúde indígena no México	Ministério da Saúde apresenta modelo de atenção à saúde indígena no México	Saúde	0.7929	V	0.8314	0.8314	0.1686	"{""Saúde"": 0.7929, ""Política"": 0.1562, ""Economia"": 0.0072, ""Esportes"": 0.006, ""Entretenimento"": 0.0047, ""Outros"": 0.0329}"	1617.3
4	Qualificação aborda enfrentamento à desinformação em saúde durante período eleitoral	Qualificação aborda enfrentamento à desinformação em saúde durante período eleitoral	Saúde	0.6492	V	0.9333	0.9333	0.0667	"{""Saúde"": 0.6492, ""Política"": 0.1316, ""Economia"": 0.0204, ""Esportes"": 0.0076, ""Entretenimento"": 0.0163, ""Outros"": 0.1749}"	1617.3
5_1	Expedição do SUS vai atender indígenas Yanomami em Roraima	Expedição do SUS vai atender indígenas Yanomami em Roraima.	Saúde	0.7135	V	0.8583	0.8583	0.1417	"{""Saúde"": 0.7135, ""Política"": 0.2403, ""Economia"": 0.0027, ""Esportes"": 0.0042, ""Entretenimento"": 0.0044, ""Outros"": 0.035}"	1617.3
5_2	Expedição do SUS vai atender indígenas Yanomami em Roraima	Expedição do SUS vai atender indígenas Yanomami em Roraima	Saúde	0.7113	V	0.8730	0.8730	0.1270	"{""Saúde"": 0.7113, ""Política"": 0.2523, ""Economia"": 0.0031, ""Esportes"": 0.0043, ""Entretenimento"": 0.0043, ""Outros"": 0.0247}"	1617.3
6_1	Planos de saúde terão que cobrir DIU hormonal em casos de endometriose	Planos de saúde terão que cobrir DIU hormonal em casos de endometriose.	Saúde	0.8901	V	0.9275	0.9275	0.0725	"{""Saúde"": 0.8901, ""Política"": 0.095, ""Economia"": 0.0027, ""Esportes"": 0.0019, ""Entretenimento"": 0.0034, ""Outros"": 0.0068}"	1659.5
6_2	Planos de saúde terão que cobrir DIU hormonal em casos de endometriose	Planos de saúde terão que cobrir DIU hormonal em casos de endometriose	Saúde	0.9022	V	0.9331	0.9331	0.0669	"{""Saúde"": 0.9022, ""Política"": 0.0876, ""Economia"": 0.0018, ""Esportes"": 0.0017, ""Entretenimento"": 0.0023, ""Outros"": 0.0045}"	1659.5
7_1	Em 30 anos, obesidade triplica e atinge 1/4 da população adulta	Em 30 anos, obesidade triplica e atinge 1/4 da população adulta.	Saúde	0.8168	V	0.8924	0.8924	0.1076	"{""Saúde"": 0.8168, ""Política"": 0.0241, ""Economia"": 0.0026, ""Esportes"": 0.005, ""Entretenimento"": 0.0072, ""Outros"": 0.1443}"	1659.5
7_2	Em 30 anos, obesidade triplica e atinge 1/4 da população adulta	Em 30 anos, obesidade triplica e atinge 1/4 da população adulta	Saúde	0.8210	V	0.9027	0.9027	0.0973	"{""Saúde"": 0.821, ""Política"": 0.0202, ""Economia"": 0.0023, ""Esportes"": 0.0041, ""Entretenimento"": 0.0057, ""Outros"": 0.1468}"	1659.5
8_1	Anvisa alerta para venda irregular de tirzepatida em pó na internet	Anvisa alerta para venda irregular de tirzepatida em pó na internet.	Saúde	0.9745	V	0.9528	0.9528	0.0472	"{""Saúde"": 0.9745, ""Política"": 0.0197, ""Economia"": 0.0005, ""Esportes"": 0.001, ""Entretenimento"": 0.0011, ""Outros"": 0.0032}"	1659.5
8_2	Anvisa alerta para venda irregular de tirzepatida em pó na internet	Anvisa alerta para venda irregular de tirzepatida em pó na internet	Saúde	0.9811	V	0.9578	0.9578	0.0422	"{""Saúde"": 0.9811, ""Política"": 0.0139, ""Economia"": 0.0005, ""Esportes"": 0.0009, ""Entretenimento"": 0.0009, ""Outros"": 0.0028}"	1659.5
9_1	Dermatite atópica impacta pele, sono e autoestima: saiba como tratar	Dermatite atópica impacta pele, sono e autoestima: saiba como tratar.	Saúde	0.9515	V	0.9761	0.9761	0.0239	"{""Saúde"": 0.9515, ""Política"": 0.0105, ""Economia"": 0.0011, ""Esportes"": 0.0007, ""Entretenimento"": 0.0043, ""Outros"": 0.0319}"	1659.5
9_2	Dermatite atópica impacta pele, sono e autoestima: saiba como tratar	Dermatite atópica impacta pele, sono e autoestima: saiba como tratar	Saúde	0.9531	V	0.9741	0.9741	0.0259	"{""Saúde"": 0.9531, ""Política"": 0.0091, ""Economia"": 0.0009, ""Esportes"": 0.0007, ""Entretenimento"": 0.0043, ""Outros"": 0.0319}"	1659.5
10	Portal de Serviços do DataSUS recebe nova organização para facilitar acesso aos serviços		Entretenimento	0.6112	V	0.6185	0.6185	0.3815	"{""Saúde"": 0.0499, ""Política"": 0.0163, ""Economia"": 0.0073, ""Esportes"": 0.0271, ""Entretenimento"": 0.6112, ""Outros"": 0.2881}"	1659.5
11_1	SasiSUS completa 27 anos e representa marco à atenção à saúde dos povos indígenas	SasiSUS completa 27 anos e representa marco à atenção à saúde dos povos indígenas.	Saúde	0.7923	V	0.9440	0.9440	0.0560	"{""Saúde"": 0.7923, ""Política"": 0.1336, ""Economia"": 0.0052, ""Esportes"": 0.0031, ""Entretenimento"": 0.012, ""Outros"": 0.0539}"	1683.4
11_2	SasiSUS completa 27 anos e representa marco à atenção à saúde dos povos indígenas	SasiSUS completa 27 anos e representa marco à atenção à saúde dos povos indígenas	Saúde	0.8181	V	0.9436	0.9436	0.0564	"{""Saúde"": 0.8181, ""Política"": 0.121, ""Economia"": 0.005, ""Esportes"": 0.0034, ""Entretenimento"": 0.0091, ""Outros"": 0.0434}"	1683.4
12_1	Ministério da Saúde garante continuidade das ações do Pronon e Pronas/PCD até 2031	Ministério da Saúde garante continuidade das ações do Pronon e Pronas/PCD até 2031.	Saúde	0.6902	V	0.7926	0.7926	0.2074	"{""Saúde"": 0.6902, ""Política"": 0.2956, ""Economia"": 0.0036, ""Esportes"": 0.0036, ""Entretenimento"": 0.0015, ""Outros"": 0.0054}"	1683.4
12_2	Ministério da Saúde garante continuidade das ações do Pronon e Pronas/PCD até 2031	Ministério da Saúde garante continuidade das ações do Pronon e Pronas/PCD até 2031	Saúde	0.6490	V	0.7666	0.7666	0.2334	"{""Saúde"": 0.649, ""Política"": 0.3366, ""Economia"": 0.0037, ""Esportes"": 0.0034, ""Entretenimento"": 0.0015, ""Outros"": 0.0058}"	1683.4
13_1	Brasil defende produção regional e acesso equitativo a medicamentos na Semana de Alto Nível da ONU	Brasil defende produção regional e acesso equitativo a medicamentos na Semana de Alto Nível da ONU.	Saúde	0.5936	V	0.9619	0.9619	0.0381	"{""Saúde"": 0.5936, ""Política"": 0.3912, ""Economia"": 0.0082, ""Esportes"": 0.0041, ""Entretenimento"": 0.001, ""Outros"": 0.002}"	1683.4
13_2	Brasil defende produção regional e acesso equitativo a medicamentos na Semana de Alto Nível da ONU	Brasil defende produção regional e acesso equitativo a medicamentos na Semana de Alto Nível da ONU	Saúde	0.5923	V	0.9556	0.9556	0.0444	"{""Saúde"": 0.5923, ""Política"": 0.3893, ""Economia"": 0.0092, ""Esportes"": 0.0053, ""Entretenimento"": 0.0011, ""Outros"": 0.0028}"	1683.4
14_1	Saúde indígena é discutida no Cosems de Santa Catarina	Saúde indígena é discutida no Cosems de Santa Catarina.	Saúde	0.6639	V	0.9706	0.9706	0.0294	"{""Saúde"": 0.6639, ""Política"": 0.2114, ""Economia"": 0.0112, ""Esportes"": 0.0034, ""Entretenimento"": 0.0117, ""Outros"": 0.0983}"	1683.4
14_2	Saúde indígena é discutida no Cosems de Santa Catarina	Saúde indígena é discutida no Cosems de Santa Catarina	Saúde	0.6501	V	0.9700	0.9700	0.0300	"{""Saúde"": 0.6501, ""Política"": 0.2628, ""Economia"": 0.0085, ""Esportes"": 0.0024, ""Entretenimento"": 0.0101, ""Outros"": 0.0661}"	1683.4
15_1	Ministério da Saúde debate o futuro do envelhecimento no Brasil	Ministério da Saúde debate o futuro do envelhecimento no Brasil.	Política	0.5169	V	0.9844	0.9844	0.0156	"{""Saúde"": 0.4695, ""Política"": 0.5169, ""Economia"": 0.0034, ""Esportes"": 0.0034, ""Entretenimento"": 0.0011, ""Outros"": 0.0057}"	1683.4
15_2	Ministério da Saúde debate o futuro do envelhecimento no Brasil	Ministério da Saúde debate o futuro do envelhecimento no Brasil	Saúde	0.5286	V	0.9856	0.9856	0.0144	"{""Saúde"": 0.5286, ""Política"": 0.4576, ""Economia"": 0.0041, ""Esportes"": 0.0034, ""Entretenimento"": 0.0011, ""Outros"": 0.0051}"	1683.4
16_1	Ministério da Saúde institui Rede Brasileira de Biobancos	Ministério da Saúde institui Rede Brasileira de Biobancos.	Saúde	0.8925	V	0.8564	0.8564	0.1436	"{""Saúde"": 0.8925, ""Política"": 0.1007, ""Economia"": 0.002, ""Esportes"": 0.0017, ""Entretenimento"": 0.0011, ""Outros"": 0.002}"	1623.8
16_2	Ministério da Saúde institui Rede Brasileira de Biobancos	Ministério da Saúde institui Rede Brasileira de Biobancos	Saúde	0.8841	V	0.8606	0.8606	0.1394	"{""Saúde"": 0.8841, ""Política"": 0.1093, ""Economia"": 0.002, ""Esportes"": 0.0019, ""Entretenimento"": 0.001, ""Outros"": 0.0018}"	1623.8
17_1	Anvisa publica registro de medicação para hipoparatireoidismo crônico	Anvisa publica registro de medicação para hipoparatireoidismo crônico.	Saúde	0.9601	V	0.9059	0.9059	0.0941	"{""Saúde"": 0.9601, ""Política"": 0.0308, ""Economia"": 0.0014, ""Esportes"": 0.0023, ""Entretenimento"": 0.0017, ""Outros"": 0.0038}"	1623.8
17_2	Anvisa publica registro de medicação para hipoparatireoidismo crônico	Anvisa publica registro de medicação para hipoparatireoidismo crônico	Saúde	0.9672	V	0.9157	0.9157	0.0843	"{""Saúde"": 0.9672, ""Política"": 0.0245, ""Economia"": 0.0013, ""Esportes"": 0.0021, ""Entretenimento"": 0.0015, ""Outros"": 0.0034}"	1623.8
18_1	Brasil e México discutem plataformas conjuntas para desenvolvimento e produção de tecnologias em saúde	Brasil e México discutem plataformas conjuntas para desenvolvimento e produção de tecnologias em saúde.	Saúde	0.9230	V	0.9469	0.9469	0.0531	"{""Saúde"": 0.923, ""Política"": 0.0662, ""Economia"": 0.0016, ""Esportes"": 0.0033, ""Entretenimento"": 0.002, ""Outros"": 0.0038}"	1623.8
18_2	Brasil e México discutem plataformas conjuntas para desenvolvimento e produção de tecnologias em saúde	Brasil e México discutem plataformas conjuntas para desenvolvimento e produção de tecnologias em saúde	Saúde	0.9086	V	0.9265	0.9265	0.0735	"{""Saúde"": 0.9086, ""Política"": 0.081, ""Economia"": 0.0012, ""Esportes"": 0.0033, ""Entretenimento"": 0.0021, ""Outros"": 0.0039}"	1623.8
19_1	Indígenas Yanomami terão acesso a consultas e exames especializados durante expedição do SUS em Roraima	Indígenas Yanomami terão acesso a consultas e exames especializados durante expedição do SUS em Roraima.	Saúde	0.7438	V	0.9283	0.9283	0.0717	"{""Saúde"": 0.7438, ""Política"": 0.1764, ""Economia"": 0.0074, ""Esportes"": 0.0109, ""Entretenimento"": 0.0041, ""Outros"": 0.0574}"	1623.8
19_2	Indígenas Yanomami terão acesso a consultas e exames especializados durante expedição do SUS em Roraima	Indígenas Yanomami terão acesso a consultas e exames especializados durante expedição do SUS em Roraima	Saúde	0.7438	V	0.9297	0.9297	0.0703	"{""Saúde"": 0.7438, ""Política"": 0.1969, ""Economia"": 0.0062, ""Esportes"": 0.0097, ""Entretenimento"": 0.0039, ""Outros"": 0.0395}"	1623.8
20_1	SUS vai oferecer cirurgia que trata glaucoma e catarata ao mesmo tempo	SUS vai oferecer cirurgia que trata glaucoma e catarata ao mesmo tempo.	Saúde	0.8929	V	0.7398	0.7398	0.2602	"{""Saúde"": 0.8929, ""Política"": 0.0934, ""Economia"": 0.0032, ""Esportes"": 0.0024, ""Entretenimento"": 0.0023, ""Outros"": 0.0059}"	1623.8
20_2	SUS vai oferecer cirurgia que trata glaucoma e catarata ao mesmo tempo	SUS vai oferecer cirurgia que trata glaucoma e catarata ao mesmo tempo	Saúde	0.8696	V	0.7451	0.7451	0.2549	"{""Saúde"": 0.8696, ""Política"": 0.1109, ""Economia"": 0.0032, ""Esportes"": 0.0032, ""Entretenimento"": 0.0035, ""Outros"": 0.0096}"	1623.8
21_1	Anvisa manda apreender medicamento falsificado para câncer de mama	Anvisa manda apreender medicamento falsificado para câncer de mama.	Saúde	0.9364	V	0.8553	0.8553	0.1447	"{""Saúde"": 0.9364, ""Política"": 0.0424, ""Economia"": 0.0014, ""Esportes"": 0.003, ""Entretenimento"": 0.0054, ""Outros"": 0.0114}"	1564.9
21_2	Anvisa manda apreender medicamento falsificado para câncer de mama	Anvisa manda apreender medicamento falsificado para câncer de mama	Saúde	0.9509	V	0.8694	0.8694	0.1306	"{""Saúde"": 0.9509, ""Política"": 0.0342, ""Economia"": 0.0011, ""Esportes"": 0.0023, ""Entretenimento"": 0.0034, ""Outros"": 0.0081}"	1564.9
22_1	Santo André, no ABC Paulista, começa a vacinar bebês contra o sarampo	Santo André, no ABC Paulista, começa a vacinar bebês contra o sarampo.	Saúde	0.9197	V	0.7355	0.7355	0.2645	"{""Saúde"": 0.9197, ""Política"": 0.0393, ""Economia"": 0.0029, ""Esportes"": 0.0031, ""Entretenimento"": 0.0055, ""Outros"": 0.0296}"	1564.9
22_2	Santo André, no ABC Paulista, começa a vacinar bebês contra o sarampo	Santo André, no ABC Paulista, começa a vacinar bebês contra o sarampo	Saúde	0.9294	V	0.7808	0.7808	0.2192	"{""Saúde"": 0.9294, ""Política"": 0.0357, ""Economia"": 0.0026, ""Esportes"": 0.0022, ""Entretenimento"": 0.0055, ""Outros"": 0.0247}"	1564.9
23_1	Feira em Fortaleza defende políticas sobre drogas com justiça social	Feira em Fortaleza defende políticas sobre drogas com justiça social.	Política	0.4621	V	0.9641	0.9641	0.0359	"{""Saúde"": 0.3471, ""Política"": 0.4621, ""Economia"": 0.009, ""Esportes"": 0.0236, ""Entretenimento"": 0.015, ""Outros"": 0.1432}"	1564.9
23_2	Feira em Fortaleza defende políticas sobre drogas com justiça social	Feira em Fortaleza defende políticas sobre drogas com justiça social	Política	0.5344	V	0.9698	0.9698	0.0302	"{""Saúde"": 0.3152, ""Política"": 0.5344, ""Economia"": 0.0069, ""Esportes"": 0.0169, ""Entretenimento"": 0.0121, ""Outros"": 0.1145}"	1564.9
24_1	Rio confirma caso de raiva em cão que teve contato com morcego	Rio confirma caso de raiva em cão que teve contato com morcego.	Saúde	0.7808	V	0.9224	0.9224	0.0776	"{""Saúde"": 0.7808, ""Política"": 0.0191, ""Economia"": 0.0014, ""Esportes"": 0.0023, ""Entretenimento"": 0.015, ""Outros"": 0.1814}"	1564.9
24_2	Rio confirma caso de raiva em cão que teve contato com morcego	Rio confirma caso de raiva em cão que teve contato com morcego	Saúde	0.8172	V	0.9451	0.9451	0.0549	"{""Saúde"": 0.8172, ""Política"": 0.0175, ""Economia"": 0.0011, ""Esportes"": 0.0019, ""Entretenimento"": 0.0097, ""Outros"": 0.1526}"	1564.9
25_1	Ministério da Saúde e Hcor oferecem curso gratuito sobre revisões rápidas para políticas públicas	Ministério da Saúde e Hcor oferecem curso gratuito sobre revisões rápidas para políticas públicas.	Saúde	0.4981	V	0.6327	0.6327	0.3673	"{""Saúde"": 0.4981, ""Política"": 0.4759, ""Economia"": 0.0033, ""Esportes"": 0.0033, ""Entretenimento"": 0.002, ""Outros"": 0.0174}"	1564.9
25_2	Ministério da Saúde e Hcor oferecem curso gratuito sobre revisões rápidas para políticas públicas	Ministério da Saúde e Hcor oferecem curso gratuito sobre revisões rápidas para políticas públicas	Política	0.5559	V	0.5179	0.5179	0.4821	"{""Saúde"": 0.4211, ""Política"": 0.5559, ""Economia"": 0.003, ""Esportes"": 0.0034, ""Entretenimento"": 0.0018, ""Outros"": 0.0148}"	1564.9
26_1	Ministério da Saúde encerra etapa estadual da Federalização da RNDS e prepara avanço para municípios	Ministério da Saúde encerra etapa estadual da Federalização da RNDS e prepara avanço para municípios.	Saúde	0.5353	V	0.9449	0.9449	0.0551	"{""Saúde"": 0.5353, ""Política"": 0.4494, ""Economia"": 0.0037, ""Esportes"": 0.0049, ""Entretenimento"": 0.0012, ""Outros"": 0.0055}"	1549.5
26_2	Ministério da Saúde encerra etapa estadual da Federalização da RNDS e prepara avanço para municípios	Ministério da Saúde encerra etapa estadual da Federalização da RNDS e prepara avanço para municípios	Saúde	0.5677	V	0.9383	0.9383	0.0617	"{""Saúde"": 0.5677, ""Política"": 0.4166, ""Economia"": 0.0038, ""Esportes"": 0.0048, ""Entretenimento"": 0.0013, ""Outros"": 0.0058}"	1549.5
27_1	No 64º COBEM, Ministério da Saúde aponta diretrizes para formação dos profissionais de medicina para o SUS	No 64º COBEM, Ministério da Saúde aponta diretrizes para formação dos profissionais de medicina para o SUS.	Saúde	0.9135	V	0.9087	0.9087	0.0913	"{""Saúde"": 0.9135, ""Política"": 0.0798, ""Economia"": 0.0023, ""Esportes"": 0.0017, ""Entretenimento"": 0.0007, ""Outros"": 0.0019}"	1549.5
27_2	No 64º COBEM, Ministério da Saúde aponta diretrizes para formação dos profissionais de medicina para o SUS	No 64º COBEM, Ministério da Saúde aponta diretrizes para formação dos profissionais de medicina para o SUS	Saúde	0.9215	V	0.8966	0.8966	0.1034	"{""Saúde"": 0.9215, ""Política"": 0.0712, ""Economia"": 0.0026, ""Esportes"": 0.0019, ""Entretenimento"": 0.0008, ""Outros"": 0.002}"	1549.5
28_1	Programa Farmácia Popular pode gerar economia de até R$ 8,8 mil por ano para famílias brasileiras	Programa Farmácia Popular pode gerar economia de até R$ 8,8 mil por ano para famílias brasileiras.	Saúde	0.8921	V	0.8630	0.8630	0.1370	"{""Saúde"": 0.8921, ""Política"": 0.0882, ""Economia"": 0.0099, ""Esportes"": 0.0068, ""Entretenimento"": 0.0009, ""Outros"": 0.0021}"	1549.5
28_2	Programa Farmácia Popular pode gerar economia de até R$ 8,8 mil por ano para famílias brasileiras	Programa Farmácia Popular pode gerar economia de até R$ 8,8 mil por ano para famílias brasileiras	Saúde	0.8595	V	0.8294	0.8294	0.1706	"{""Saúde"": 0.8595, ""Política"": 0.1138, ""Economia"": 0.0109, ""Esportes"": 0.0118, ""Entretenimento"": 0.0012, ""Outros"": 0.0028}"	1549.5
29_1	Brasil e México avançam na cooperação em saúde entre os dois países	Brasil e México avançam na cooperação em saúde entre os dois países.	Saúde	0.9868	V	0.9923	0.9923	0.0077	"{""Saúde"": 0.9868, ""Política"": 0.0098, ""Economia"": 0.0004, ""Esportes"": 0.0004, ""Entretenimento"": 0.0008, ""Outros"": 0.0019}"	1549.5
29_2	Brasil e México avançam na cooperação em saúde entre os dois países	Brasil e México avançam na cooperação em saúde entre os dois países	Saúde	0.9834	V	0.9958	0.9958	0.0042	"{""Saúde"": 0.9834, ""Política"": 0.0141, ""Economia"": 0.0003, ""Esportes"": 0.0003, ""Entretenimento"": 0.0007, ""Outros"": 0.0012}"	1549.5
30_1	Saiba como manifestar intenção de doar órgãos por meio de cartórios	Saiba como manifestar intenção de doar órgãos por meio de cartórios.	Saúde	0.7795	V	0.9625	0.9625	0.0375	"{""Saúde"": 0.7795, ""Política"": 0.0206, ""Economia"": 0.0036, ""Esportes"": 0.0056, ""Entretenimento"": 0.0227, ""Outros"": 0.168}"	1549.5
30_2	Saiba como manifestar intenção de doar órgãos por meio de cartórios	Saiba como manifestar intenção de doar órgãos por meio de cartórios	Saúde	0.8438	V	0.9704	0.9704	0.0296	"{""Saúde"": 0.8438, ""Política"": 0.0176, ""Economia"": 0.0028, ""Esportes"": 0.0049, ""Entretenimento"": 0.0194, ""Outros"": 0.1115}"	1549.5
31_1	Pioneiro no país, Núcleo de Telessaúde de Parintins completa 20 anos ampliando acesso à saúde na Amazônia	Pioneiro no país, Núcleo de Telessaúde de Parintins completa 20 anos ampliando acesso à saúde na Amazônia.	Saúde	0.8900	V	0.9413	0.9413	0.0587	"{""Saúde"": 0.89, ""Política"": 0.0627, ""Economia"": 0.0023, ""Esportes"": 0.0032, ""Entretenimento"": 0.005, ""Outros"": 0.0368}"	1540.3
31_2	Pioneiro no país, Núcleo de Telessaúde de Parintins completa 20 anos ampliando acesso à saúde na Amazônia	Pioneiro no país, Núcleo de Telessaúde de Parintins completa 20 anos ampliando acesso à saúde na Amazônia	Saúde	0.8893	V	0.9189	0.9189	0.0811	"{""Saúde"": 0.8893, ""Política"": 0.0688, ""Economia"": 0.0024, ""Esportes"": 0.0033, ""Entretenimento"": 0.0045, ""Outros"": 0.0316}"	1540.3
32	Morre Paulo Roberto Teixeira, referência no combate à aids no Brasil	Morre Paulo Roberto Teixeira, referência no combate à aids no Brasil	Saúde	0.6213	V	0.9744	0.9744	0.0256	"{""Saúde"": 0.6213, ""Política"": 0.0154, ""Economia"": 0.0018, ""Esportes"": 0.0012, ""Entretenimento"": 0.2878, ""Outros"": 0.0724}"	1540.3
33_1	Impacto financeiro de bets no SUS chega a R$ 30,6 bilhões por ano	Impacto financeiro de bets no SUS chega a R$ 30,6 bilhões por ano.	Saúde	0.5497	V	0.5782	0.5782	0.4218	"{""Saúde"": 0.5497, ""Política"": 0.3665, ""Economia"": 0.0187, ""Esportes"": 0.0458, ""Entretenimento"": 0.0084, ""Outros"": 0.0109}"	1540.3
33_2	Impacto financeiro de bets no SUS chega a R$ 30,6 bilhões por ano	Impacto financeiro de bets no SUS chega a R$ 30,6 bilhões por ano	Saúde	0.5520	V	0.5772	0.5772	0.4228	"{""Saúde"": 0.552, ""Política"": 0.3702, ""Economia"": 0.0168, ""Esportes"": 0.0421, ""Entretenimento"": 0.008, ""Outros"": 0.0109}"	1540.3
34_1	Apostas em bets avançam entre jovens e ampliam risco de dependência	Apostas em bets avançam entre jovens e ampliam risco de dependência.	Outros	0.6707	V	0.9734	0.9734	0.0266	"{""Saúde"": 0.2188, ""Política"": 0.002, ""Economia"": 0.0015, ""Esportes"": 0.0158, ""Entretenimento"": 0.0911, ""Outros"": 0.6707}"	1540.3
34_2	Apostas em bets avançam entre jovens e ampliam risco de dependência	Apostas em bets avançam entre jovens e ampliam risco de dependência	Outros	0.6786	V	0.9717	0.9717	0.0283	"{""Saúde"": 0.2217, ""Política"": 0.0019, ""Economia"": 0.0014, ""Esportes"": 0.015, ""Entretenimento"": 0.0814, ""Outros"": 0.6786}"	1540.3
35_1	Para associações, normas ainda deixam pontos em aberto sobre cannabis	Para associações, normas ainda deixam pontos em aberto sobre cannabis.	Outros	0.4646	V	0.9518	0.9518	0.0482	"{""Saúde"": 0.3653, ""Política"": 0.1057, ""Economia"": 0.0069, ""Esportes"": 0.0143, ""Entretenimento"": 0.0431, ""Outros"": 0.4646}"	1540.3
35_2	Para associações, normas ainda deixam pontos em aberto sobre cannabis	Para associações, normas ainda deixam pontos em aberto sobre cannabis	Saúde	0.3945	V	0.9611	0.9611	0.0389	"{""Saúde"": 0.3945, ""Política"": 0.1545, ""Economia"": 0.007, ""Esportes"": 0.0137, ""Entretenimento"": 0.0411, ""Outros"": 0.3892}"	1540.3
36_1	Ministério da Saúde debate avaliação de tecnologias em saúde para doenças ultrarraras em evento internacional	Ministério da Saúde debate avaliação de tecnologias em saúde para doenças ultrarraras em evento internacional.	Saúde	0.9767	V	0.9839	0.9839	0.0161	"{""Saúde"": 0.9767, ""Política"": 0.0203, ""Economia"": 0.0007, ""Esportes"": 0.001, ""Entretenimento"": 0.0005, ""Outros"": 0.0008}"	1539.2
36_2	Ministério da Saúde debate avaliação de tecnologias em saúde para doenças ultrarraras em evento internacional	Ministério da Saúde debate avaliação de tecnologias em saúde para doenças ultrarraras em evento internacional	Saúde	0.9727	V	0.9837	0.9837	0.0163	"{""Saúde"": 0.9727, ""Política"": 0.0231, ""Economia"": 0.001, ""Esportes"": 0.0013, ""Entretenimento"": 0.0005, ""Outros"": 0.0014}"	1539.2
37_1	Carretas do Agora Tem Especialistas ultrapassam 1 milhão de procedimentos no SUS	Carretas do Agora Tem Especialistas ultrapassam 1 milhão de procedimentos no SUS.	Saúde	0.8435	V	0.7910	0.7910	0.2090	"{""Saúde"": 0.8435, ""Política"": 0.1105, ""Economia"": 0.0037, ""Esportes"": 0.0053, ""Entretenimento"": 0.0035, ""Outros"": 0.0336}"	1539.2
37_2	Carretas do Agora Tem Especialistas ultrapassam 1 milhão de procedimentos no SUS	Carretas do Agora Tem Especialistas ultrapassam 1 milhão de procedimentos no SUS	Saúde	0.8233	V	0.8300	0.8300	0.1700	"{""Saúde"": 0.8233, ""Política"": 0.1322, ""Economia"": 0.004, ""Esportes"": 0.0063, ""Entretenimento"": 0.0038, ""Outros"": 0.0303}"	1539.2
38_1	Ministério da Saúde lamenta falecimento de Paulo Roberto Teixeira	Ministério da Saúde lamenta falecimento de Paulo Roberto Teixeira.	Entretenimento	0.4357	V	0.9656	0.9656	0.0344	"{""Saúde"": 0.3912, ""Política"": 0.0511, ""Economia"": 0.0025, ""Esportes"": 0.0096, ""Entretenimento"": 0.4357, ""Outros"": 0.1099}"	1539.2
38_2	Ministério da Saúde lamenta falecimento de Paulo Roberto Teixeira	Ministério da Saúde lamenta falecimento de Paulo Roberto Teixeira	Entretenimento	0.4218	V	0.9639	0.9639	0.0361	"{""Saúde"": 0.3805, ""Política"": 0.0784, ""Economia"": 0.0021, ""Esportes"": 0.0108, ""Entretenimento"": 0.4218, ""Outros"": 0.1064}"	1539.2
39_1	São José dos Campos avança em obras de centro de reabilitação, UBS e hospital materno-infantil	São José dos Campos avança em obras de centro de reabilitação, UBS e hospital materno-infantil.	Saúde	0.8936	V	0.9286	0.9286	0.0714	"{""Saúde"": 0.8936, ""Política"": 0.0778, ""Economia"": 0.0032, ""Esportes"": 0.004, ""Entretenimento"": 0.0019, ""Outros"": 0.0195}"	1539.2
39_2	São José dos Campos avança em obras de centro de reabilitação, UBS e hospital materno-infantil	São José dos Campos avança em obras de centro de reabilitação, UBS e hospital materno-infantil	Saúde	0.8849	V	0.9437	0.9437	0.0563	"{""Saúde"": 0.8849, ""Política"": 0.0892, ""Economia"": 0.003, ""Esportes"": 0.0038, ""Entretenimento"": 0.0019, ""Outros"": 0.0172}"	1539.2
40_1	Ministério da Saúde mobiliza SAMU 192 para treinar equipes e apoiar estudo clínico com polilaminina	Ministério da Saúde mobiliza SAMU 192 para treinar equipes e apoiar estudo clínico com polilaminina.	Saúde	0.9383	V	0.6938	0.6938	0.3062	"{""Saúde"": 0.9383, ""Política"": 0.0558, ""Economia"": 0.0014, ""Esportes"": 0.0018, ""Entretenimento"": 0.0008, ""Outros"": 0.0019}"	1539.2
40_2	Ministério da Saúde mobiliza SAMU 192 para treinar equipes e apoiar estudo clínico com polilaminina	Ministério da Saúde mobiliza SAMU 192 para treinar equipes e apoiar estudo clínico com polilaminina	Saúde	0.9220	V	0.7888	0.7888	0.2112	"{""Saúde"": 0.922, ""Política"": 0.0708, ""Economia"": 0.0016, ""Esportes"": 0.0025, ""Entretenimento"": 0.0009, ""Outros"": 0.0021}"	1539.2
41_1	Em Juiz de Fora (MG), ministro da Saúde visita instituições filantrópicas que ampliam oferta de atendimento especializado para pacientes do SUS	Em Juiz de Fora (MG), ministro da Saúde visita instituições filantrópicas que ampliam oferta de atendimento especializado para pacientes do SUS.	Saúde	0.6117	V	0.9357	0.9357	0.0643	"{""Saúde"": 0.6117, ""Política"": 0.3476, ""Economia"": 0.0088, ""Esportes"": 0.0053, ""Entretenimento"": 0.002, ""Outros"": 0.0246}"	1530.3
41_2	Em Juiz de Fora (MG), ministro da Saúde visita instituições filantrópicas que ampliam oferta de atendimento especializado para pacientes do SUS	Em Juiz de Fora (MG), ministro da Saúde visita instituições filantrópicas que ampliam oferta de atendimento especializado para pacientes do SUS	Saúde	0.5868	V	0.9324	0.9324	0.0676	"{""Saúde"": 0.5868, ""Política"": 0.3737, ""Economia"": 0.0095, ""Esportes"": 0.005, ""Entretenimento"": 0.0017, ""Outros"": 0.0233}"	1530.3
42	Congresso debate formação, equidade e valorização dos trabalhadores do SUS	Congresso debate formação, equidade e valorização dos trabalhadores do SUS	Política	0.6715	V	0.9929	0.9929	0.0071	"{""Saúde"": 0.3218, ""Política"": 0.6715, ""Economia"": 0.0022, ""Esportes"": 0.0021, ""Entretenimento"": 0.0005, ""Outros"": 0.002}"	1530.3
43_1	falso que a Anvisa tenha aprovado uso da polilaminina no SUS	Falso que a Anvisa tenha aprovado uso da polilaminina no SUS.	Saúde	0.9252	V	0.8234	0.8234	0.1766	"{""Saúde"": 0.9252, ""Política"": 0.0527, ""Economia"": 0.0101, ""Esportes"": 0.004, ""Entretenimento"": 0.0025, ""Outros"": 0.0056}"	1530.3
43_2	falso que a Anvisa tenha aprovado uso da polilaminina no SUS	Falso que a Anvisa tenha aprovado uso da polilaminina no SUS	Saúde	0.9320	V	0.8061	0.8061	0.1939	"{""Saúde"": 0.932, ""Política"": 0.0492, ""Economia"": 0.0081, ""Esportes"": 0.0033, ""Entretenimento"": 0.0023, ""Outros"": 0.0051}"	1530.3
44_1	Saúde qualifica assistência para prevenir progressão de doença renal	Saúde qualifica assistência para prevenir progressão de doença renal.	Saúde	0.9868	V	0.9700	0.9700	0.0300	"{""Saúde"": 0.9868, ""Política"": 0.0103, ""Economia"": 0.0004, ""Esportes"": 0.0004, ""Entretenimento"": 0.0009, ""Outros"": 0.0012}"	1530.3
44_2	Saúde qualifica assistência para prevenir progressão de doença renal	Saúde qualifica assistência para prevenir progressão de doença renal	Saúde	0.9862	V	0.9662	0.9662	0.0338	"{""Saúde"": 0.9862, ""Política"": 0.0115, ""Economia"": 0.0004, ""Esportes"": 0.0003, ""Entretenimento"": 0.0007, ""Outros"": 0.0009}"	1530.3
45_1	Estudo aponta esgotamento emocional e burnout de médicos de UTI	Estudo aponta esgotamento emocional e burnout de médicos de UTI.	Saúde	0.9665	V	0.9811	0.9811	0.0189	"{""Saúde"": 0.9665, ""Política"": 0.0073, ""Economia"": 0.0009, ""Esportes"": 0.0012, ""Entretenimento"": 0.0044, ""Outros"": 0.0197}"	1530.3
45_2	Estudo aponta esgotamento emocional e burnout de médicos de UTI	Estudo aponta esgotamento emocional e burnout de médicos de UTI	Saúde	0.9684	V	0.9788	0.9788	0.0212	"{""Saúde"": 0.9684, ""Política"": 0.0065, ""Economia"": 0.0009, ""Esportes"": 0.0013, ""Entretenimento"": 0.0056, ""Outros"": 0.0173}"	1530.3
46_1	SUS vai ofertar canetas emagrecedoras para pacientes com obesidade	SUS vai ofertar canetas emagrecedoras para pacientes com obesidade.	Saúde	0.7842	V	0.6783	0.6783	0.3217	"{""Saúde"": 0.7842, ""Política"": 0.1978, ""Economia"": 0.0021, ""Esportes"": 0.0018, ""Entretenimento"": 0.0033, ""Outros"": 0.0108}"	1522.6
46_2	SUS vai ofertar canetas emagrecedoras para pacientes com obesidade	SUS vai ofertar canetas emagrecedoras para pacientes com obesidade	Saúde	0.7105	V	0.6033	0.6033	0.3967	"{""Saúde"": 0.7105, ""Política"": 0.2699, ""Economia"": 0.0023, ""Esportes"": 0.0023, ""Entretenimento"": 0.0035, ""Outros"": 0.0114}"	1522.6
47_1	Fundação Pró-Sangue alerta para baixo estoque e faz apelo a doadores	Fundação Pró-Sangue alerta para baixo estoque e faz apelo a doadores.	Saúde	0.9391	V	0.9490	0.9490	0.0510	"{""Saúde"": 0.9391, ""Política"": 0.025, ""Economia"": 0.0045, ""Esportes"": 0.0016, ""Entretenimento"": 0.0029, ""Outros"": 0.027}"	1522.6
47_2	Fundação Pró-Sangue alerta para baixo estoque e faz apelo a doadores	Fundação Pró-Sangue alerta para baixo estoque e faz apelo a doadores	Saúde	0.9441	V	0.9381	0.9381	0.0619	"{""Saúde"": 0.9441, ""Política"": 0.0247, ""Economia"": 0.0032, ""Esportes"": 0.0019, ""Entretenimento"": 0.0025, ""Outros"": 0.0236}"	1522.6
48_1	Fiocruz mostra destaques da 13ª Olimpíada de Saúde e Meio Ambiente	Fiocruz mostra destaques da 13ª Olimpíada de Saúde e Meio Ambiente.	Saúde	0.7336	V	0.8842	0.8842	0.1158	"{""Saúde"": 0.7336, ""Política"": 0.0733, ""Economia"": 0.007, ""Esportes"": 0.0294, ""Entretenimento"": 0.0126, ""Outros"": 0.144}"	1522.6
48_2	Fiocruz mostra destaques da 13ª Olimpíada de Saúde e Meio Ambiente	Fiocruz mostra destaques da 13ª Olimpíada de Saúde e Meio Ambiente	Saúde	0.7806	V	0.8976	0.8976	0.1024	"{""Saúde"": 0.7806, ""Política"": 0.0691, ""Economia"": 0.0054, ""Esportes"": 0.036, ""Entretenimento"": 0.0144, ""Outros"": 0.0945}"	1522.6
49_1	Rio amplia vacinação contra a covid-19 para idosos e trabalhadores	Rio amplia vacinação contra a covid-19 para idosos e trabalhadores.	Saúde	0.7926	V	0.9247	0.9247	0.0753	"{""Saúde"": 0.7926, ""Política"": 0.1882, ""Economia"": 0.0035, ""Esportes"": 0.0033, ""Entretenimento"": 0.002, ""Outros"": 0.0104}"	1522.6
49_2	Rio amplia vacinação contra a covid-19 para idosos e trabalhadores	Rio amplia vacinação contra a covid-19 para idosos e trabalhadores	Saúde	0.8146	V	0.9161	0.9161	0.0839	"{""Saúde"": 0.8146, ""Política"": 0.1675, ""Economia"": 0.0032, ""Esportes"": 0.0034, ""Entretenimento"": 0.0021, ""Outros"": 0.0092}"	1522.6
50_1	HPV: dose é indicada a vítimas de violência sexual a partir de 2 anos	HPV: dose é indicada a vítimas de violência sexual a partir de 2 anos.	Saúde	0.9763	V	0.7358	0.7358	0.2642	"{""Saúde"": 0.9763, ""Política"": 0.0206, ""Economia"": 0.0007, ""Esportes"": 0.0006, ""Entretenimento"": 0.001, ""Outros"": 0.0008}"	1522.6
50_2	HPV: dose é indicada a vítimas de violência sexual a partir de 2 anos	HPV: dose é indicada a vítimas de violência sexual a partir de 2 anos	Saúde	0.9757	V	0.7358	0.7358	0.2642	"{""Saúde"": 0.9757, ""Política"": 0.0207, ""Economia"": 0.0006, ""Esportes"": 0.0007, ""Entretenimento"": 0.0011, ""Outros"": 0.0011}"	1522.6
51_1	Anvisa vai abrir consultas públicas sobre imagens de alerta em cigarro	Anvisa vai abrir consultas públicas sobre imagens de alerta em cigarro.	Saúde	0.8116	V	0.8616	0.8616	0.1384	"{""Saúde"": 0.8116, ""Política"": 0.1007, ""Economia"": 0.0038, ""Esportes"": 0.0071, ""Entretenimento"": 0.0114, ""Outros"": 0.0655}"	1525.9
51_2	Anvisa vai abrir consultas públicas sobre imagens de alerta em cigarro	Anvisa vai abrir consultas públicas sobre imagens de alerta em cigarro	Saúde	0.8332	V	0.8581	0.8581	0.1419	"{""Saúde"": 0.8332, ""Política"": 0.0953, ""Economia"": 0.0036, ""Esportes"": 0.0066, ""Entretenimento"": 0.0091, ""Outros"": 0.0523}"	1525.9
52_1	Segurança do paciente: veja como reduzir riscos de doenças crônicas	Segurança do paciente: veja como reduzir riscos de doenças crônicas.	Saúde	0.9793	V	0.9463	0.9463	0.0537	"{""Saúde"": 0.9793, ""Política"": 0.0098, ""Economia"": 0.0003, ""Esportes"": 0.0002, ""Entretenimento"": 0.0023, ""Outros"": 0.008}"	1525.9
52_2	Segurança do paciente: veja como reduzir riscos de doenças crônicas	Segurança do paciente: veja como reduzir riscos de doenças crônicas	Saúde	0.9803	V	0.9395	0.9395	0.0605	"{""Saúde"": 0.9803, ""Política"": 0.0098, ""Economia"": 0.0004, ""Esportes"": 0.0003, ""Entretenimento"": 0.0023, ""Outros"": 0.007}"	1525.9
53_1	Ministério da Saúde qualifica assistência para prevenir progressão da doença renal	Ministério da Saúde qualifica assistência para prevenir progressão da doença renal.	Saúde	0.9713	V	0.9660	0.9660	0.0340	"{""Saúde"": 0.9713, ""Política"": 0.0236, ""Economia"": 0.0018, ""Esportes"": 0.001, ""Entretenimento"": 0.0006, ""Outros"": 0.0017}"	1525.9
53_2	Ministério da Saúde qualifica assistência para prevenir progressão da doença renal	Ministério da Saúde qualifica assistência para prevenir progressão da doença renal	Saúde	0.9683	V	0.9663	0.9663	0.0337	"{""Saúde"": 0.9683, ""Política"": 0.0261, ""Economia"": 0.0016, ""Esportes"": 0.001, ""Entretenimento"": 0.0006, ""Outros"": 0.0023}"	1525.9
54_1	Pesquisa aponta que FIESMED reduz rotatividade de médicos e fortalece a atenção básica no SUS	Pesquisa aponta que FIESMED reduz rotatividade de médicos e fortalece a atenção básica no SUS.	Saúde	0.9305	V	0.8904	0.8904	0.1096	"{""Saúde"": 0.9305, ""Política"": 0.0501, ""Economia"": 0.0027, ""Esportes"": 0.0028, ""Entretenimento"": 0.0018, ""Outros"": 0.012}"	1525.9
54_2	Pesquisa aponta que FIESMED reduz rotatividade de médicos e fortalece a atenção básica no SUS	Pesquisa aponta que FIESMED reduz rotatividade de médicos e fortalece a atenção básica no SUS	Saúde	0.9176	V	0.8866	0.8866	0.1134	"{""Saúde"": 0.9176, ""Política"": 0.0585, ""Economia"": 0.0031, ""Esportes"": 0.0035, ""Entretenimento"": 0.0021, ""Outros"": 0.0152}"	1525.9
55_1	Inaep inicia grupo de trabalho para fortalecer a proteção de participantes de pesquisas em ciências humanas e sociais	Inaep inicia grupo de trabalho para fortalecer a proteção de participantes de pesquisas em ciências humanas e sociais.	Política	0.6002	V	0.9818	0.9818	0.0182	"{""Saúde"": 0.3559, ""Política"": 0.6002, ""Economia"": 0.0023, ""Esportes"": 0.0022, ""Entretenimento"": 0.0065, ""Outros"": 0.0329}"	1525.9
55_2	Inaep inicia grupo de trabalho para fortalecer a proteção de participantes de pesquisas em ciências humanas e sociais	Inaep inicia grupo de trabalho para fortalecer a proteção de participantes de pesquisas em ciências humanas e sociais	Política	0.6023	V	0.9835	0.9835	0.0165	"{""Saúde"": 0.3582, ""Política"": 0.6023, ""Economia"": 0.0021, ""Esportes"": 0.0023, ""Entretenimento"": 0.0058, ""Outros"": 0.0293}"	1525.9
56_1	"""Canetas emagrecedoras serão disponibilizadas de forma responsável no SUS"", diz ministro"	"""Canetas emagrecedoras serão disponibilizadas de forma responsável no SUS"", diz ministro. """	Saúde	0.8303	V	0.7263	0.7263	0.2737	"{""Saúde"": 0.8303, ""Política"": 0.1563, ""Economia"": 0.0031, ""Esportes"": 0.0027, ""Entretenimento"": 0.0022, ""Outros"": 0.0055}"	1534.1
56_2	"""Canetas emagrecedoras serão disponibilizadas de forma responsável no SUS"", diz ministro"	"Canetas emagrecedoras serão disponibilizadas de forma responsável no SUS"", diz ministro"	Saúde	0.6743	V	0.5696	0.5696	0.4304	"{""Saúde"": 0.6743, ""Política"": 0.3125, ""Economia"": 0.0021, ""Esportes"": 0.0022, ""Entretenimento"": 0.0017, ""Outros"": 0.0072}"	1534.1
57_1	Presidente e ministro da Saúde visitam novo complexo industrial da Eurofarma, em Montes Claros (MG)	Presidente e ministro da Saúde visitam novo complexo industrial da Eurofarma, em Montes Claros (MG).	Saúde	0.7860	V	0.9421	0.9421	0.0579	"{""Saúde"": 0.786, ""Política"": 0.1871, ""Economia"": 0.0067, ""Esportes"": 0.0071, ""Entretenimento"": 0.0013, ""Outros"": 0.0118}"	1534.1
57_2	Presidente e ministro da Saúde visitam novo complexo industrial da Eurofarma, em Montes Claros (MG)	Presidente e ministro da Saúde visitam novo complexo industrial da Eurofarma, em Montes Claros (MG)	Saúde	0.7659	V	0.9281	0.9281	0.0719	"{""Saúde"": 0.7659, ""Política"": 0.2058, ""Economia"": 0.0088, ""Esportes"": 0.0081, ""Entretenimento"": 0.0014, ""Outros"": 0.01}"	1534.1
58_1	Ministério da Saúde participa da abertura do 10º Congresso Brasileiro de Ciências Sociais e Humanas em Saúde	Ministério da Saúde participa da abertura do 10º Congresso Brasileiro de Ciências Sociais e Humanas em Saúde.	Saúde	0.5669	V	0.9034	0.9034	0.0966	"{""Saúde"": 0.5669, ""Política"": 0.3814, ""Economia"": 0.0042, ""Esportes"": 0.0057, ""Entretenimento"": 0.0069, ""Outros"": 0.0348}"	1534.1
58_2	Ministério da Saúde participa da abertura do 10º Congresso Brasileiro de Ciências Sociais e Humanas em Saúde	Ministério da Saúde participa da abertura do 10º Congresso Brasileiro de Ciências Sociais e Humanas em Saúde	Saúde	0.5649	V	0.9014	0.9014	0.0986	"{""Saúde"": 0.5649, ""Política"": 0.3825, ""Economia"": 0.0049, ""Esportes"": 0.0066, ""Entretenimento"": 0.0064, ""Outros"": 0.0347}"	1534.1
59_1	Ministério da Saúde recebe artigos e relatos sobre gestão interfederativa do SUS	Ministério da Saúde recebe artigos e relatos sobre gestão interfederativa do SUS.	Política	0.5349	V	0.9580	0.9580	0.0420	"{""Saúde"": 0.4446, ""Política"": 0.5349, ""Economia"": 0.0054, ""Esportes"": 0.0042, ""Entretenimento"": 0.0013, ""Outros"": 0.0097}"	1534.1
59_2	Ministério da Saúde recebe artigos e relatos sobre gestão interfederativa do SUS	Ministério da Saúde recebe artigos e relatos sobre gestão interfederativa do SUS	Política	0.5700	V	0.9673	0.9673	0.0327	"{""Saúde"": 0.4171, ""Política"": 0.57, ""Economia"": 0.0034, ""Esportes"": 0.0029, ""Entretenimento"": 0.001, ""Outros"": 0.0056}"	1534.1
60_1	Dia Mundial da Segurança do Paciente: veja como reduzir riscos no tratamento de doenças crônicas	Dia Mundial da Segurança do Paciente: veja como reduzir riscos no tratamento de doenças crônicas.	Saúde	0.9686	V	0.9627	0.9627	0.0373	"{""Saúde"": 0.9686, ""Política"": 0.0155, ""Economia"": 0.0009, ""Esportes"": 0.0004, ""Entretenimento"": 0.0013, ""Outros"": 0.0133}"	1534.1
60_2	Dia Mundial da Segurança do Paciente: veja como reduzir riscos no tratamento de doenças crônicas	Dia Mundial da Segurança do Paciente: veja como reduzir riscos no tratamento de doenças crônicas	Saúde	0.9674	V	0.9627	0.9627	0.0373	"{""Saúde"": 0.9674, ""Política"": 0.0199, ""Economia"": 0.0009, ""Esportes"": 0.0005, ""Entretenimento"": 0.0011, ""Outros"": 0.0103}"	1534.1
61_1	Ministério da Saúde vistoria veículos para transporte de pacientes do SUS no Rio Grande do Sul	Ministério da Saúde vistoria veículos para transporte de pacientes do SUS no Rio Grande do Sul.	Saúde	0.7395	V	0.9345	0.9345	0.0655	"{""Saúde"": 0.7395, ""Política"": 0.2504, ""Economia"": 0.0027, ""Esportes"": 0.004, ""Entretenimento"": 0.0012, ""Outros"": 0.0022}"	1530.1
61_2	Ministério da Saúde vistoria veículos para transporte de pacientes do SUS no Rio Grande do Sul	Ministério da Saúde vistoria veículos para transporte de pacientes do SUS no Rio Grande do Sul	Saúde	0.8024	V	0.9367	0.9367	0.0633	"{""Saúde"": 0.8024, ""Política"": 0.188, ""Economia"": 0.0024, ""Esportes"": 0.0041, ""Entretenimento"": 0.0013, ""Outros"": 0.0018}"	1530.1
62_1	Ministério da Saúde reúne equipes estaduais em encontro nacional de vigilância das doenças de transmissão hídrica e alimentar	Ministério da Saúde reúne equipes estaduais em encontro nacional de vigilância das doenças de transmissão hídrica e alimentar.	Saúde	0.8375	V	0.9640	0.9640	0.0360	"{""Saúde"": 0.8375, ""Política"": 0.159, ""Economia"": 0.0009, ""Esportes"": 0.0009, ""Entretenimento"": 0.0004, ""Outros"": 0.0013}"	1530.1
62_2	Ministério da Saúde reúne equipes estaduais em encontro nacional de vigilância das doenças de transmissão hídrica e alimentar	Ministério da Saúde reúne equipes estaduais em encontro nacional de vigilância das doenças de transmissão hídrica e alimentar	Saúde	0.8212	V	0.9647	0.9647	0.0353	"{""Saúde"": 0.8212, ""Política"": 0.1757, ""Economia"": 0.0009, ""Esportes"": 0.0007, ""Entretenimento"": 0.0004, ""Outros"": 0.0011}"	1530.1
63_1	Anvisa alerta risco de deficiência de B6 com uso de carbidopa/levodopa	Anvisa alerta risco de deficiência de B6 com uso de carbidopa/levodopa.	Saúde	0.9849	V	0.9153	0.9153	0.0847	"{""Saúde"": 0.9849, ""Política"": 0.0123, ""Economia"": 0.0004, ""Esportes"": 0.0005, ""Entretenimento"": 0.0006, ""Outros"": 0.0013}"	1530.1
63_2	Anvisa alerta risco de deficiência de B6 com uso de carbidopa/levodopa	Anvisa alerta risco de deficiência de B6 com uso de carbidopa/levodopa	Saúde	0.9844	V	0.9239	0.9239	0.0761	"{""Saúde"": 0.9844, ""Política"": 0.0124, ""Economia"": 0.0004, ""Esportes"": 0.0006, ""Entretenimento"": 0.0007, ""Outros"": 0.0015}"	1530.1
64_1	Anvisa proíbe caneta emagrecedora vinda do Paraguai	Anvisa proíbe caneta emagrecedora vinda do Paraguai.	Saúde	0.9146	V	0.8806	0.8806	0.1194	"{""Saúde"": 0.9146, ""Política"": 0.0267, ""Economia"": 0.0014, ""Esportes"": 0.0029, ""Entretenimento"": 0.0089, ""Outros"": 0.0455}"	1530.1
64_2	Anvisa proíbe caneta emagrecedora vinda do Paraguai	Anvisa proíbe caneta emagrecedora vinda do Paraguai	Saúde	0.9249	V	0.8671	0.8671	0.1329	"{""Saúde"": 0.9249, ""Política"": 0.0275, ""Economia"": 0.0013, ""Esportes"": 0.0022, ""Entretenimento"": 0.0089, ""Outros"": 0.0351}"	1530.1
65_1	Anvisa determina recolhimento do produto NotShake Protein	Anvisa determina recolhimento do produto NotShake Protein.	Saúde	0.9278	V	0.8717	0.8717	0.1283	"{""Saúde"": 0.9278, ""Política"": 0.0448, ""Economia"": 0.0012, ""Esportes"": 0.0038, ""Entretenimento"": 0.0055, ""Outros"": 0.0169}"	1530.1
65_2	Anvisa determina recolhimento do produto NotShake Protein	Anvisa determina recolhimento do produto NotShake Protein	Saúde	0.9226	V	0.8627	0.8627	0.1373	"{""Saúde"": 0.9226, ""Política"": 0.04, ""Economia"": 0.0015, ""Esportes"": 0.004, ""Entretenimento"": 0.0079, ""Outros"": 0.0241}"	1530.1
66_1	Opas amplia acesso ao lenacapavir para prevenir HIV na América Latina	Opas amplia acesso ao lenacapavir para prevenir HIV na América Latina.	Saúde	0.9597	V	0.8944	0.8944	0.1056	"{""Saúde"": 0.9597, ""Política"": 0.0303, ""Economia"": 0.0024, ""Esportes"": 0.0012, ""Entretenimento"": 0.0019, ""Outros"": 0.0045}"	1671.6
66_2	Opas amplia acesso ao lenacapavir para prevenir HIV na América Latina	Opas amplia acesso ao lenacapavir para prevenir HIV na América Latina	Saúde	0.9650	V	0.9054	0.9054	0.0946	"{""Saúde"": 0.965, ""Política"": 0.0243, ""Economia"": 0.0018, ""Esportes"": 0.0015, ""Entretenimento"": 0.0028, ""Outros"": 0.0046}"	1671.6
67_1	Mudanças climáticas figuram como crise de saúde pública, diz Padilha	Mudanças climáticas figuram como crise de saúde pública, diz Padilha.	Saúde	0.5451	V	0.8952	0.8952	0.1048	"{""Saúde"": 0.5451, ""Política"": 0.3992, ""Economia"": 0.0105, ""Esportes"": 0.0057, ""Entretenimento"": 0.0059, ""Outros"": 0.0337}"	1671.6
67_2	Mudanças climáticas figuram como crise de saúde pública, diz Padilha	Mudanças climáticas figuram como crise de saúde pública, diz Padilha	Saúde	0.6788	V	0.9421	0.9421	0.0579	"{""Saúde"": 0.6788, ""Política"": 0.2684, ""Economia"": 0.0117, ""Esportes"": 0.0063, ""Entretenimento"": 0.006, ""Outros"": 0.0287}"	1671.6
68_1	Testes clínicos fase 1 da polilaminina começam este mês	Testes clínicos fase 1 da polilaminina começam este mês.	Saúde	0.9611	V	0.7965	0.7965	0.2035	"{""Saúde"": 0.9611, ""Política"": 0.0166, ""Economia"": 0.0012, ""Esportes"": 0.002, ""Entretenimento"": 0.0066, ""Outros"": 0.0124}"	1671.6
68_2	Testes clínicos fase 1 da polilaminina começam este mês	Testes clínicos fase 1 da polilaminina começam este mês	Saúde	0.9578	V	0.8144	0.8144	0.1856	"{""Saúde"": 0.9578, ""Política"": 0.0162, ""Economia"": 0.0013, ""Esportes"": 0.0027, ""Entretenimento"": 0.0077, ""Outros"": 0.0144}"	1671.6
69_1	Com estiagem e altas temperaturas, SUS reforça ações de saúde e segurança hídrica no Nordeste	Com estiagem e altas temperaturas, SUS reforça ações de saúde e segurança hídrica no Nordeste.	Saúde	0.6417	V	0.9673	0.9673	0.0327	"{""Saúde"": 0.6417, ""Política"": 0.2966, ""Economia"": 0.0066, ""Esportes"": 0.0066, ""Entretenimento"": 0.0037, ""Outros"": 0.0447}"	1671.6
69_2	Com estiagem e altas temperaturas, SUS reforça ações de saúde e segurança hídrica no Nordeste	Com estiagem e altas temperaturas, SUS reforça ações de saúde e segurança hídrica no Nordeste	Saúde	0.6184	V	0.9730	0.9730	0.0270	"{""Saúde"": 0.6184, ""Política"": 0.3241, ""Economia"": 0.0059, ""Esportes"": 0.0057, ""Entretenimento"": 0.0026, ""Outros"": 0.0432}"	1671.6
70_1	Grupo de trabalho discute ampliação de serviços e inovação no Farmácia Popular	Grupo de trabalho discute ampliação de serviços e inovação no Farmácia Popular.	Saúde	0.6598	V	0.9389	0.9389	0.0611	"{""Saúde"": 0.6598, ""Política"": 0.3274, ""Economia"": 0.0032, ""Esportes"": 0.003, ""Entretenimento"": 0.0013, ""Outros"": 0.0052}"	1671.6
70_2	Grupo de trabalho discute ampliação de serviços e inovação no Farmácia Popular	Grupo de trabalho discute ampliação de serviços e inovação no Farmácia Popular	Saúde	0.6003	V	0.9419	0.9419	0.0581	"{""Saúde"": 0.6003, ""Política"": 0.3841, ""Economia"": 0.0033, ""Esportes"": 0.0045, ""Entretenimento"": 0.0018, ""Outros"": 0.0061}"	1671.6
71_1	Com calor e seca nos rios amazônicos, SUS reforça assistência à saúde na região Norte	Com calor e seca nos rios amazônicos, SUS reforça assistência à saúde na região Norte.	Saúde	0.6924	V	0.9666	0.9666	0.0334	"{""Saúde"": 0.6924, ""Política"": 0.2825, ""Economia"": 0.006, ""Esportes"": 0.0062, ""Entretenimento"": 0.0021, ""Outros"": 0.0107}"	1681.4
71_2	Com calor e seca nos rios amazônicos, SUS reforça assistência à saúde na região Norte	Com calor e seca nos rios amazônicos, SUS reforça assistência à saúde na região Norte	Saúde	0.6899	V	0.9662	0.9662	0.0338	"{""Saúde"": 0.6899, ""Política"": 0.2819, ""Economia"": 0.0061, ""Esportes"": 0.0057, ""Entretenimento"": 0.0025, ""Outros"": 0.0138}"	1681.4
72_1	Diante de chuvas intensas e risco de inundações, SUS fortalece assistência no Sul do país	Diante de chuvas intensas e risco de inundações, SUS fortalece assistência no Sul do país.	Saúde	0.8096	V	0.9400	0.9400	0.0600	"{""Saúde"": 0.8096, ""Política"": 0.172, ""Economia"": 0.0037, ""Esportes"": 0.0035, ""Entretenimento"": 0.0018, ""Outros"": 0.0095}"	1681.4
72_2	Diante de chuvas intensas e risco de inundações, SUS fortalece assistência no Sul do país	Diante de chuvas intensas e risco de inundações, SUS fortalece assistência no Sul do país	Saúde	0.7260	V	0.9459	0.9459	0.0541	"{""Saúde"": 0.726, ""Política"": 0.2519, ""Economia"": 0.0042, ""Esportes"": 0.0037, ""Entretenimento"": 0.0018, ""Outros"": 0.0124}"	1681.4
73_1	SUS reforça resposta aos impactos do calor extremo no Sudeste	SUS reforça resposta aos impactos do calor extremo no Sudeste.	Política	0.4885	V	0.9734	0.9734	0.0266	"{""Saúde"": 0.481, ""Política"": 0.4885, ""Economia"": 0.0027, ""Esportes"": 0.004, ""Entretenimento"": 0.003, ""Outros"": 0.0208}"	1681.4
73_2	SUS reforça resposta aos impactos do calor extremo no Sudeste	SUS reforça resposta aos impactos do calor extremo no Sudeste	Saúde	0.5422	V	0.9737	0.9737	0.0263	"{""Saúde"": 0.5422, ""Política"": 0.43, ""Economia"": 0.0028, ""Esportes"": 0.0043, ""Entretenimento"": 0.0025, ""Outros"": 0.0183}"	1681.4
74_1	Diante do risco de incêndios florestais e calor intenso, SUS fortalece assistência no Centro-Oeste do país	Diante do risco de incêndios florestais e calor intenso, SUS fortalece assistência no Centro-Oeste do país.	Saúde	0.8301	V	0.9458	0.9458	0.0542	"{""Saúde"": 0.8301, ""Política"": 0.1439, ""Economia"": 0.0056, ""Esportes"": 0.0039, ""Entretenimento"": 0.0022, ""Outros"": 0.0144}"	1681.4
74_2	Diante do risco de incêndios florestais e calor intenso, SUS fortalece assistência no Centro-Oeste do país	Diante do risco de incêndios florestais e calor intenso, SUS fortalece assistência no Centro-Oeste do país	Saúde	0.8030	V	0.9495	0.9495	0.0505	"{""Saúde"": 0.803, ""Política"": 0.1752, ""Economia"": 0.0041, ""Esportes"": 0.0036, ""Entretenimento"": 0.0018, ""Outros"": 0.0122}"	1681.4
75_1	Ministro da Saúde visita Hospital Universitário dos Servidores do Estado após reestruturação da unidade	Ministro da Saúde visita Hospital Universitário dos Servidores do Estado após reestruturação da unidade.	Política	0.6872	V	0.9779	0.9779	0.0221	"{""Saúde"": 0.2949, ""Política"": 0.6872, ""Economia"": 0.0041, ""Esportes"": 0.004, ""Entretenimento"": 0.0013, ""Outros"": 0.0085}"	1681.4
75_2	Ministro da Saúde visita Hospital Universitário dos Servidores do Estado após reestruturação da unidade	Ministro da Saúde visita Hospital Universitário dos Servidores do Estado após reestruturação da unidade	Política	0.6650	V	0.9829	0.9829	0.0171	"{""Saúde"": 0.3228, ""Política"": 0.665, ""Economia"": 0.0033, ""Esportes"": 0.0031, ""Entretenimento"": 0.0008, ""Outros"": 0.005}"	1681.4
76_1	Cirurgias eletivas pelo SUS passam de 7,5 milhões no primeiro semestre	Cirurgias eletivas pelo SUS passam de 7,5 milhões no primeiro semestre.	Saúde	0.8875	V	0.8479	0.8479	0.1521	"{""Saúde"": 0.8875, ""Política"": 0.0977, ""Economia"": 0.0041, ""Esportes"": 0.0027, ""Entretenimento"": 0.0015, ""Outros"": 0.0066}"	1701.1
76_2	Cirurgias eletivas pelo SUS passam de 7,5 milhões no primeiro semestre	Cirurgias eletivas pelo SUS passam de 7,5 milhões no primeiro semestre	Saúde	0.8717	V	0.8165	0.8165	0.1835	"{""Saúde"": 0.8717, ""Política"": 0.1131, ""Economia"": 0.0045, ""Esportes"": 0.0033, ""Entretenimento"": 0.0018, ""Outros"": 0.0056}"	1701.1
77_1	São Paulo tem quatro novos casos de sarampo; total chega a 36 este ano	São Paulo tem quatro novos casos de sarampo; total chega a 36 este ano.	Saúde	0.9004	V	0.8801	0.8801	0.1199	"{""Saúde"": 0.9004, ""Política"": 0.0182, ""Economia"": 0.0011, ""Esportes"": 0.0015, ""Entretenimento"": 0.0053, ""Outros"": 0.0733}"	1701.1
77_2	São Paulo tem quatro novos casos de sarampo; total chega a 36 este ano	São Paulo tem quatro novos casos de sarampo; total chega a 36 este ano	Saúde	0.8936	V	0.8669	0.8669	0.1331	"{""Saúde"": 0.8936, ""Política"": 0.0161, ""Economia"": 0.0011, ""Esportes"": 0.0016, ""Entretenimento"": 0.0059, ""Outros"": 0.0818}"	1701.1
78_1	Câncer: estudo alerta para riscos de melanoma fora da pele	Câncer: estudo alerta para riscos de melanoma fora da pele.	Saúde	0.9777	V	0.9765	0.9765	0.0235	"{""Saúde"": 0.9777, ""Política"": 0.0126, ""Economia"": 0.0003, ""Esportes"": 0.0005, ""Entretenimento"": 0.0039, ""Outros"": 0.005}"	1701.1
78_2	Câncer: estudo alerta para riscos de melanoma fora da pele	Câncer: estudo alerta para riscos de melanoma fora da pele	Saúde	0.9749	V	0.9766	0.9766	0.0234	"{""Saúde"": 0.9749, ""Política"": 0.0126, ""Economia"": 0.0003, ""Esportes"": 0.0006, ""Entretenimento"": 0.0044, ""Outros"": 0.0073}"	1701.1
79_1	Nova vacina: Ministério da Saúde vai ofertar pneumo20 para quem tem mais de 85 anos	Nova vacina: Ministério da Saúde vai ofertar pneumo20 para quem tem mais de 85 anos.	Saúde	0.9497	V	0.8533	0.8533	0.1467	"{""Saúde"": 0.9497, ""Política"": 0.0401, ""Economia"": 0.0022, ""Esportes"": 0.0015, ""Entretenimento"": 0.0014, ""Outros"": 0.0051}"	1701.1
79_2	Nova vacina: Ministério da Saúde vai ofertar pneumo20 para quem tem mais de 85 anos	Nova vacina: Ministério da Saúde vai ofertar pneumo20 para quem tem mais de 85 anos	Saúde	0.9420	V	0.8361	0.8361	0.1639	"{""Saúde"": 0.942, ""Política"": 0.046, ""Economia"": 0.003, ""Esportes"": 0.0019, ""Entretenimento"": 0.0018, ""Outros"": 0.0053}"	1701.1
80_1	Ministério da Saúde reforça preparação do SUS em Roraima diante dos impactos da seca e do El Niño	Ministério da Saúde reforça preparação do SUS em Roraima diante dos impactos da seca e do El Niño.	Saúde	0.8153	V	0.9585	0.9585	0.0415	"{""Saúde"": 0.8153, ""Política"": 0.1751, ""Economia"": 0.0021, ""Esportes"": 0.0032, ""Entretenimento"": 0.0013, ""Outros"": 0.003}"	1701.1
80_2	Ministério da Saúde reforça preparação do SUS em Roraima diante dos impactos da seca e do El Niño	Ministério da Saúde reforça preparação do SUS em Roraima diante dos impactos da seca e do El Niño	Saúde	0.7944	V	0.9537	0.9537	0.0463	"{""Saúde"": 0.7944, ""Política"": 0.193, ""Economia"": 0.0031, ""Esportes"": 0.0042, ""Entretenimento"": 0.0019, ""Outros"": 0.0035}"	1701.1
81_1	IBGE acionará PF e AGU contra fake news sobre pesquisa de saúde	IBGE acionará PF e AGU contra fake news sobre pesquisa de saúde.	Política	0.7870	V	0.7597	0.7597	0.2403	"{""Saúde"": 0.183, ""Política"": 0.787, ""Economia"": 0.0032, ""Esportes"": 0.0049, ""Entretenimento"": 0.0029, ""Outros"": 0.019}"	1557.6
81_2	IBGE acionará PF e AGU contra fake news sobre pesquisa de saúde	IBGE acionará PF e AGU contra fake news sobre pesquisa de saúde	Política	0.8061	V	0.7535	0.7535	0.2465	"{""Saúde"": 0.1678, ""Política"": 0.8061, ""Economia"": 0.0035, ""Esportes"": 0.0042, ""Entretenimento"": 0.0032, ""Outros"": 0.0152}"	1557.6
82_1	SUS amplia cobertura da vacina Pneumo 20 para maiores de 85 anos	SUS amplia cobertura da vacina Pneumo 20 para maiores de 85 anos.	Saúde	0.9650	V	0.9235	0.9235	0.0765	"{""Saúde"": 0.965, ""Política"": 0.0294, ""Economia"": 0.0019, ""Esportes"": 0.0011, ""Entretenimento"": 0.0011, ""Outros"": 0.0015}"	1557.6
82_2	SUS amplia cobertura da vacina Pneumo 20 para maiores de 85 anos	SUS amplia cobertura da vacina Pneumo 20 para maiores de 85 anos	Saúde	0.9712	V	0.9311	0.9311	0.0689	"{""Saúde"": 0.9712, ""Política"": 0.0242, ""Economia"": 0.0012, ""Esportes"": 0.0009, ""Entretenimento"": 0.0011, ""Outros"": 0.0014}"	1557.6
83_1	Assédio e sobrecarga ameaçam saúde mental de jornalistas, diz pesquisa	Assédio e sobrecarga ameaçam saúde mental de jornalistas, diz pesquisa.	Saúde	0.7914	V	0.9921	0.9921	0.0079	"{""Saúde"": 0.7914, ""Política"": 0.0045, ""Economia"": 0.0018, ""Esportes"": 0.0026, ""Entretenimento"": 0.0442, ""Outros"": 0.1555}"	1557.6
83_2	Assédio e sobrecarga ameaçam saúde mental de jornalistas, diz pesquisa	Assédio e sobrecarga ameaçam saúde mental de jornalistas, diz pesquisa	Saúde	0.8402	V	0.9928	0.9928	0.0072	"{""Saúde"": 0.8402, ""Política"": 0.0054, ""Economia"": 0.0018, ""Esportes"": 0.0026, ""Entretenimento"": 0.0368, ""Outros"": 0.1132}"	1557.6
84_1	Fact Check. Japão aprovou cama que trata doenças graves com recurso a frequências magnéticas	Japão aprovou cama que trata doenças graves com recurso a frequências magnéticas.	Saúde	0.9278	F	0.5592	0.4408	0.5592	"{""Saúde"": 0.9278, ""Política"": 0.0119, ""Economia"": 0.0013, ""Esportes"": 0.0017, ""Entretenimento"": 0.0024, ""Outros"": 0.0549}"	1557.6
84_2	Fact Check. Japão aprovou cama que trata doenças graves com recurso a frequências magnéticas	Japão aprovou cama que trata doenças graves com recurso a frequências magnéticas	Saúde	0.9232	F	0.5899	0.4101	0.5899	"{""Saúde"": 0.9232, ""Política"": 0.0132, ""Economia"": 0.0013, ""Esportes"": 0.0021, ""Entretenimento"": 0.0025, ""Outros"": 0.0577}"	1557.6
85_1	Ministério da Saúde realiza etapa Nordeste do Hackathon SUS e seleciona startups para desafio nacional em oncologia	Ministério da Saúde realiza etapa Nordeste do Hackathon SUS e seleciona startups para desafio nacional em oncologia.	Saúde	0.8912	V	0.9499	0.9499	0.0501	"{""Saúde"": 0.8912, ""Política"": 0.103, ""Economia"": 0.001, ""Esportes"": 0.0014, ""Entretenimento"": 0.0007, ""Outros"": 0.0027}"	1557.6
85_2	Ministério da Saúde realiza etapa Nordeste do Hackathon SUS e seleciona startups para desafio nacional em oncologia	Ministério da Saúde realiza etapa Nordeste do Hackathon SUS e seleciona startups para desafio nacional em oncologia	Saúde	0.8910	V	0.9556	0.9556	0.0444	"{""Saúde"": 0.891, ""Política"": 0.1033, ""Economia"": 0.001, ""Esportes"": 0.0014, ""Entretenimento"": 0.0007, ""Outros"": 0.0025}"	1557.6
86_1	É falso que alface, couve e brócolis dos Estados Unidos estejam com veneno letal	É falso que alface, couve e brócolis dos Estados Unidos estejam com veneno letal.	Saúde	0.4839	V	0.9539	0.9539	0.0461	"{""Saúde"": 0.4839, ""Política"": 0.0069, ""Economia"": 0.0027, ""Esportes"": 0.0071, ""Entretenimento"": 0.0336, ""Outros"": 0.4658}"	1563.1
86_2	É falso que alface, couve e brócolis dos Estados Unidos estejam com veneno letal	É falso que alface, couve e brócolis dos Estados Unidos estejam com veneno letal	Saúde	0.5179	V	0.9495	0.9495	0.0505	"{""Saúde"": 0.5179, ""Política"": 0.0077, ""Economia"": 0.0027, ""Esportes"": 0.0063, ""Entretenimento"": 0.028, ""Outros"": 0.4374}"	1563.1
87	SUS vacina mais de 1 milhão de crianças com Pneumo 20	SUS vacina mais de 1 milhão de crianças com Pneumo 20	Saúde	0.9580	V	0.7979	0.7979	0.2021	"{""Saúde"": 0.958, ""Política"": 0.0323, ""Economia"": 0.0014, ""Esportes"": 0.002, ""Entretenimento"": 0.0018, ""Outros"": 0.0045}"	1563.1
88_1	Álcool e cigarro podem causar cegueira, alertam especialistas	Álcool e cigarro podem causar cegueira, alertam especialistas.	Saúde	0.9546	V	0.9619	0.9619	0.0381	"{""Saúde"": 0.9546, ""Política"": 0.0255, ""Economia"": 0.0012, ""Esportes"": 0.0009, ""Entretenimento"": 0.0031, ""Outros"": 0.0148}"	1563.1
88_2	Álcool e cigarro podem causar cegueira, alertam especialistas	Álcool e cigarro podem causar cegueira, alertam especialistas	Saúde	0.9609	V	0.9622	0.9622	0.0378	"{""Saúde"": 0.9609, ""Política"": 0.0227, ""Economia"": 0.001, ""Esportes"": 0.0008, ""Entretenimento"": 0.0029, ""Outros"": 0.0116}"	1563.1
89_1	Retinopatia diabética: entenda condição ocular causada pelo diabetes	Retinopatia diabética: entenda condição ocular causada pelo diabetes.	Saúde	0.9921	V	0.9870	0.9870	0.0130	"{""Saúde"": 0.9921, ""Política"": 0.0046, ""Economia"": 0.0004, ""Esportes"": 0.0004, ""Entretenimento"": 0.0009, ""Outros"": 0.0016}"	1563.1
89_2	Retinopatia diabética: entenda condição ocular causada pelo diabetes	Retinopatia diabética: entenda condição ocular causada pelo diabetes	Saúde	0.9917	V	0.9884	0.9884	0.0116	"{""Saúde"": 0.9917, ""Política"": 0.0046, ""Economia"": 0.0004, ""Esportes"": 0.0004, ""Entretenimento"": 0.0011, ""Outros"": 0.0019}"	1563.1
90_1	SUS alcança mais de 1 milhão de crianças vacinadas com nova vacina contra doenças pneumocócicas	SUS alcança mais de 1 milhão de crianças vacinadas com nova vacina contra doenças pneumocócicas.	Saúde	0.9569	V	0.9438	0.9438	0.0562	"{""Saúde"": 0.9569, ""Política"": 0.0399, ""Economia"": 0.0011, ""Esportes"": 0.0009, ""Entretenimento"": 0.0005, ""Outros"": 0.0007}"	1563.1
90_2	SUS alcança mais de 1 milhão de crianças vacinadas com nova vacina contra doenças pneumocócicas	SUS alcança mais de 1 milhão de crianças vacinadas com nova vacina contra doenças pneumocócicas	Saúde	0.9523	V	0.9440	0.9440	0.0560	"{""Saúde"": 0.9523, ""Política"": 0.0442, ""Economia"": 0.001, ""Esportes"": 0.0009, ""Entretenimento"": 0.0005, ""Outros"": 0.001}"	1563.1
91_1	SUS fortalece assistência especializada e atenção primária em Montes Claros (MG)	SUS fortalece assistência especializada e atenção primária em Montes Claros (MG).	Saúde	0.8892	V	0.9294	0.9294	0.0706	"{""Saúde"": 0.8892, ""Política"": 0.1008, ""Economia"": 0.0036, ""Esportes"": 0.0023, ""Entretenimento"": 0.001, ""Outros"": 0.0032}"	1565.0
91_2	SUS fortalece assistência especializada e atenção primária em Montes Claros (MG)	SUS fortalece assistência especializada e atenção primária em Montes Claros (MG)	Saúde	0.8766	V	0.9298	0.9298	0.0702	"{""Saúde"": 0.8766, ""Política"": 0.1127, ""Economia"": 0.0038, ""Esportes"": 0.0026, ""Entretenimento"": 0.001, ""Outros"": 0.0033}"	1565.0
92_1	Oftalmologistas alertam para uso de telas e a miopia em crianças	Oftalmologistas alertam para uso de telas e a miopia em crianças.	Saúde	0.9326	V	0.9789	0.9789	0.0211	"{""Saúde"": 0.9326, ""Política"": 0.0138, ""Economia"": 0.0026, ""Esportes"": 0.0008, ""Entretenimento"": 0.0048, ""Outros"": 0.0455}"	1565.0
92_2	Oftalmologistas alertam para uso de telas e a miopia em crianças	Oftalmologistas alertam para uso de telas e a miopia em crianças	Saúde	0.9451	V	0.9814	0.9814	0.0186	"{""Saúde"": 0.9451, ""Política"": 0.0123, ""Economia"": 0.0017, ""Esportes"": 0.0006, ""Entretenimento"": 0.0043, ""Outros"": 0.036}"	1565.0
93_1	Amazonas confirma três casos de sarampo; outros dois são investigados	Amazonas confirma três casos de sarampo; outros dois são investigados.	Saúde	0.9222	V	0.9244	0.9244	0.0756	"{""Saúde"": 0.9222, ""Política"": 0.0271, ""Economia"": 0.0016, ""Esportes"": 0.0021, ""Entretenimento"": 0.0045, ""Outros"": 0.0425}"	1565.0
93_2	Amazonas confirma três casos de sarampo; outros dois são investigados	Amazonas confirma três casos de sarampo; outros dois são investigados	Saúde	0.9224	V	0.9244	0.9244	0.0756	"{""Saúde"": 0.9224, ""Política"": 0.0272, ""Economia"": 0.0016, ""Esportes"": 0.0019, ""Entretenimento"": 0.0045, ""Outros"": 0.0425}"	1565.0
94_1	São Paulo confirma mais dois casos de sarampo e total chega a 32	São Paulo confirma mais dois casos de sarampo e total chega a 32.	Saúde	0.9395	V	0.8681	0.8681	0.1319	"{""Saúde"": 0.9395, ""Política"": 0.0266, ""Economia"": 0.0015, ""Esportes"": 0.0023, ""Entretenimento"": 0.0055, ""Outros"": 0.0246}"	1565.0
94_2	São Paulo confirma mais dois casos de sarampo e total chega a 32	São Paulo confirma mais dois casos de sarampo e total chega a 32	Saúde	0.9457	V	0.8813	0.8813	0.1187	"{""Saúde"": 0.9457, ""Política"": 0.027, ""Economia"": 0.0012, ""Esportes"": 0.0021, ""Entretenimento"": 0.0044, ""Outros"": 0.0196}"	1565.0
95_1	Baixa visão na infância: especialista alerta para diagnóstico precoce	Baixa visão na infância: especialista alerta para diagnóstico precoce.	Saúde	0.9612	V	0.9621	0.9621	0.0379	"{""Saúde"": 0.9612, ""Política"": 0.0123, ""Economia"": 0.0008, ""Esportes"": 0.001, ""Entretenimento"": 0.0055, ""Outros"": 0.0192}"	1565.0
95_2	Baixa visão na infância: especialista alerta para diagnóstico precoce	Baixa visão na infância: especialista alerta para diagnóstico precoce	Saúde	0.9589	V	0.9622	0.9622	0.0378	"{""Saúde"": 0.9589, ""Política"": 0.011, ""Economia"": 0.0008, ""Esportes"": 0.0011, ""Entretenimento"": 0.0091, ""Outros"": 0.0191}"	1565.0
96	Atualização de casos de sarampo no Brasil	Atualização de casos de sarampo no Brasil	Saúde	0.9464	V	0.9517	0.9517	0.0483	"{""Saúde"": 0.9464, ""Política"": 0.0225, ""Economia"": 0.0038, ""Esportes"": 0.0039, ""Entretenimento"": 0.0069, ""Outros"": 0.0165}"	1566.3
97_1	Não é verdade que vacina contra herpes-zóster já esteja disponível gratuitamente no SUS	Não é verdade que vacina contra herpes-zóster já esteja disponível gratuitamente no SUS.	Saúde	0.9539	V	0.9142	0.9142	0.0858	"{""Saúde"": 0.9539, ""Política"": 0.0321, ""Economia"": 0.0036, ""Esportes"": 0.0039, ""Entretenimento"": 0.003, ""Outros"": 0.0036}"	1566.3
97_2	Não é verdade que vacina contra herpes-zóster já esteja disponível gratuitamente no SUS	Não é verdade que vacina contra herpes-zóster já esteja disponível gratuitamente no SUS	Saúde	0.9521	V	0.9141	0.9141	0.0859	"{""Saúde"": 0.9521, ""Política"": 0.0364, ""Economia"": 0.0031, ""Esportes"": 0.0034, ""Entretenimento"": 0.0019, ""Outros"": 0.0031}"	1566.3
98_1	Anvisa aprova novas indicações para remédio que trata câncer de mama	Anvisa aprova novas indicações para remédio que trata câncer de mama.	Saúde	0.9437	V	0.9070	0.9070	0.0930	"{""Saúde"": 0.9437, ""Política"": 0.044, ""Economia"": 0.0012, ""Esportes"": 0.0021, ""Entretenimento"": 0.0024, ""Outros"": 0.0065}"	1566.3
98_2	Anvisa aprova novas indicações para remédio que trata câncer de mama	Anvisa aprova novas indicações para remédio que trata câncer de mama	Saúde	0.9494	V	0.8955	0.8955	0.1045	"{""Saúde"": 0.9494, ""Política"": 0.0388, ""Economia"": 0.0011, ""Esportes"": 0.0021, ""Entretenimento"": 0.0029, ""Outros"": 0.0057}"	1566.3
99_1	Ministro da Saúde visita ampliação da fábrica da Novamed, do Grupo EMS, em Manaus (AM)	Ministro da Saúde visita ampliação da fábrica da Novamed, do Grupo EMS, em Manaus (AM).	Saúde	0.8148	V	0.9543	0.9543	0.0457	"{""Saúde"": 0.8148, ""Política"": 0.1724, ""Economia"": 0.0041, ""Esportes"": 0.0039, ""Entretenimento"": 0.001, ""Outros"": 0.0038}"	1566.3
99_2	Ministro da Saúde visita ampliação da fábrica da Novamed, do Grupo EMS, em Manaus (AM)	Ministro da Saúde visita ampliação da fábrica da Novamed, do Grupo EMS, em Manaus (AM)	Saúde	0.8135	V	0.9544	0.9544	0.0456	"{""Saúde"": 0.8135, ""Política"": 0.1722, ""Economia"": 0.0045, ""Esportes"": 0.0049, ""Entretenimento"": 0.0009, ""Outros"": 0.004}"	1566.3
100_1	Super Centro Brasil de Diagnóstico de Câncer realiza 56,5 mil procedimentos em 2026	Super Centro Brasil de Diagnóstico de Câncer realiza 56,5 mil procedimentos em 2026.	Saúde	0.9290	V	0.6807	0.6807	0.3193	"{""Saúde"": 0.929, ""Política"": 0.02, ""Economia"": 0.0034, ""Esportes"": 0.01, ""Entretenimento"": 0.0062, ""Outros"": 0.0314}"	1566.3
100_2	Super Centro Brasil de Diagnóstico de Câncer realiza 56,5 mil procedimentos em 2026	Super Centro Brasil de Diagnóstico de Câncer realiza 56,5 mil procedimentos em 2026	Saúde	0.9396	V	0.6547	0.6547	0.3453	"{""Saúde"": 0.9396, ""Política"": 0.0186, ""Economia"": 0.003, ""Esportes"": 0.0111, ""Entretenimento"": 0.0068, ""Outros"": 0.021}"	1566.3
101_1	Ministério da Saúde reforça orientações para proteger a população durante frio no Sul	Ministério da Saúde reforça orientações para proteger a população durante frio no Sul.	Saúde	0.8585	V	0.9569	0.9569	0.0431	"{""Saúde"": 0.8585, ""Política"": 0.1273, ""Economia"": 0.0024, ""Esportes"": 0.0018, ""Entretenimento"": 0.001, ""Outros"": 0.0091}"	1572.5
101_2	Ministério da Saúde reforça orientações para proteger a população durante frio no Sul	Ministério da Saúde reforça orientações para proteger a população durante frio no Sul	Saúde	0.8481	V	0.9581	0.9581	0.0419	"{""Saúde"": 0.8481, ""Política"": 0.1416, ""Economia"": 0.0019, ""Esportes"": 0.0014, ""Entretenimento"": 0.0008, ""Outros"": 0.0062}"	1572.5
102_1	Prevenção ao suicídio: profissionais de saúde destacam riscos com bets	Prevenção ao suicídio: profissionais de saúde destacam riscos com bets.	Saúde	0.7374	V	0.9282	0.9282	0.0718	"{""Saúde"": 0.7374, ""Política"": 0.0098, ""Economia"": 0.0008, ""Esportes"": 0.0026, ""Entretenimento"": 0.0267, ""Outros"": 0.2227}"	1572.5
102_2	Prevenção ao suicídio: profissionais de saúde destacam riscos com bets	Prevenção ao suicídio: profissionais de saúde destacam riscos com bets	Saúde	0.7330	V	0.9486	0.9486	0.0514	"{""Saúde"": 0.733, ""Política"": 0.0104, ""Economia"": 0.0008, ""Esportes"": 0.0026, ""Entretenimento"": 0.0272, ""Outros"": 0.226}"	1572.5
103_1	Olho seco: uso excessivo de telas entre crianças reduz ato de piscar	Olho seco: uso excessivo de telas entre crianças reduz ato de piscar.	Saúde	0.6442	V	0.9219	0.9219	0.0781	"{""Saúde"": 0.6442, ""Política"": 0.0229, ""Economia"": 0.0023, ""Esportes"": 0.0019, ""Entretenimento"": 0.0096, ""Outros"": 0.319}"	1572.5
103_2	Olho seco: uso excessivo de telas entre crianças reduz ato de piscar	Olho seco: uso excessivo de telas entre crianças reduz ato de piscar	Saúde	0.6447	V	0.9201	0.9201	0.0799	"{""Saúde"": 0.6447, ""Política"": 0.0218, ""Economia"": 0.0025, ""Esportes"": 0.0021, ""Entretenimento"": 0.0096, ""Outros"": 0.3193}"	1572.5
104_1	Plano de saúde terá que cobrir mamografia digital para todas as idades	Plano de saúde terá que cobrir mamografia digital para todas as idades.	Saúde	0.8065	V	0.7887	0.7887	0.2113	"{""Saúde"": 0.8065, ""Política"": 0.1625, ""Economia"": 0.0046, ""Esportes"": 0.0032, ""Entretenimento"": 0.0029, ""Outros"": 0.0203}"	1572.5
104_2	Plano de saúde terá que cobrir mamografia digital para todas as idades	Plano de saúde terá que cobrir mamografia digital para todas as idades	Saúde	0.7881	V	0.7856	0.7856	0.2144	"{""Saúde"": 0.7881, ""Política"": 0.1825, ""Economia"": 0.0044, ""Esportes"": 0.0044, ""Entretenimento"": 0.0027, ""Outros"": 0.0178}"	1572.5
105_1	Saiba qual é a rotina ideal de consultas para cuidar da visão	Saiba qual é a rotina ideal de consultas para cuidar da visão.	Saúde	0.8164	V	0.9756	0.9756	0.0244	"{""Saúde"": 0.8164, ""Política"": 0.0071, ""Economia"": 0.0008, ""Esportes"": 0.0016, ""Entretenimento"": 0.0165, ""Outros"": 0.1576}"	1572.5
105_2	Saiba qual é a rotina ideal de consultas para cuidar da visão	Saiba qual é a rotina ideal de consultas para cuidar da visão	Saúde	0.8168	V	0.9659	0.9659	0.0341	"{""Saúde"": 0.8168, ""Política"": 0.0087, ""Economia"": 0.0008, ""Esportes"": 0.0015, ""Entretenimento"": 0.0163, ""Outros"": 0.1558}"	1572.5
106_1	Operação Gota encerra ações de 2026 com vacinação no Médio Rio Purus, no Amazonas	Operação Gota encerra ações de 2026 com vacinação no Médio Rio Purus, no Amazonas.	Saúde	0.4954	V	0.6033	0.6033	0.3967	"{""Saúde"": 0.4954, ""Política"": 0.4915, ""Economia"": 0.0014, ""Esportes"": 0.0025, ""Entretenimento"": 0.0018, ""Outros"": 0.0074}"	1572.5
106_2	Operação Gota encerra ações de 2026 com vacinação no Médio Rio Purus, no Amazonas	Operação Gota encerra ações de 2026 com vacinação no Médio Rio Purus, no Amazonas	Política	0.5222	V	0.5811	0.5811	0.4189	"{""Saúde"": 0.4644, ""Política"": 0.5222, ""Economia"": 0.0016, ""Esportes"": 0.0027, ""Entretenimento"": 0.0021, ""Outros"": 0.007}"	1572.5
107_1	São Paulo confirma novos casos de sarampo; total chega a 30	São Paulo confirma novos casos de sarampo; total chega a 30.	Saúde	0.9658	V	0.8677	0.8677	0.1323	"{""Saúde"": 0.9658, ""Política"": 0.0191, ""Economia"": 0.001, ""Esportes"": 0.0011, ""Entretenimento"": 0.0037, ""Outros"": 0.0093}"	1572.5
107_2	São Paulo confirma novos casos de sarampo; total chega a 30	São Paulo confirma novos casos de sarampo; total chega a 30	Saúde	0.9640	V	0.8670	0.8670	0.1330	"{""Saúde"": 0.964, ""Política"": 0.0191, ""Economia"": 0.001, ""Esportes"": 0.0015, ""Entretenimento"": 0.0039, ""Outros"": 0.0105}"	1572.5
108_1	Força Nacional do SUS recebe base no Rio de Janeiro para enfrentar emergências climáticas	Força Nacional do SUS recebe base no Rio de Janeiro para enfrentar emergências climáticas.	Saúde	0.5300	V	0.7416	0.7416	0.2584	"{""Saúde"": 0.53, ""Política"": 0.4303, ""Economia"": 0.0066, ""Esportes"": 0.0049, ""Entretenimento"": 0.0039, ""Outros"": 0.0242}"	1572.5
108_2	Força Nacional do SUS recebe base no Rio de Janeiro para enfrentar emergências climáticas	Força Nacional do SUS recebe base no Rio de Janeiro para enfrentar emergências climáticas	Saúde	0.4983	V	0.7029	0.7029	0.2971	"{""Saúde"": 0.4983, ""Política"": 0.4643, ""Economia"": 0.006, ""Esportes"": 0.005, ""Entretenimento"": 0.0035, ""Outros"": 0.0229}"	1572.5
109_1	Representante do Ministério da Saúde vistoria veículos de transporte sanitário na Paraíba	Representante do Ministério da Saúde vistoria veículos de transporte sanitário na Paraíba.	Saúde	0.5477	V	0.9517	0.9517	0.0483	"{""Saúde"": 0.5477, ""Política"": 0.4443, ""Economia"": 0.0023, ""Esportes"": 0.0015, ""Entretenimento"": 0.0006, ""Outros"": 0.0036}"	1572.5
109_2	Representante do Ministério da Saúde vistoria veículos de transporte sanitário na Paraíba	Representante do Ministério da Saúde vistoria veículos de transporte sanitário na Paraíba	Saúde	0.5743	V	0.9595	0.9595	0.0405	"{""Saúde"": 0.5743, ""Política"": 0.4183, ""Economia"": 0.0023, ""Esportes"": 0.0017, ""Entretenimento"": 0.0005, ""Outros"": 0.003}"	1572.5
110_1	Anvisa amplia indicação de vacina contra meningite	Anvisa amplia indicação de vacina contra meningite.	Saúde	0.9713	V	0.9399	0.9399	0.0601	"{""Saúde"": 0.9713, ""Política"": 0.0197, ""Economia"": 0.0007, ""Esportes"": 0.0012, ""Entretenimento"": 0.0017, ""Outros"": 0.0054}"	1572.5
110_2	Anvisa amplia indicação de vacina contra meningite	Anvisa amplia indicação de vacina contra meningite	Saúde	0.9758	V	0.9525	0.9525	0.0475	"{""Saúde"": 0.9758, ""Política"": 0.0177, ""Economia"": 0.0005, ""Esportes"": 0.0009, ""Entretenimento"": 0.0012, ""Outros"": 0.0038}"	1572.5
111_1	Brasil tem quase 38 mil pessoas à espera de transplante de córnea	Brasil tem quase 38 mil pessoas à espera de transplante de córnea.	Saúde	0.9393	V	0.9126	0.9126	0.0874	"{""Saúde"": 0.9393, ""Política"": 0.0156, ""Economia"": 0.0024, ""Esportes"": 0.0027, ""Entretenimento"": 0.0066, ""Outros"": 0.0335}"	1562.3
111_2	Brasil tem quase 38 mil pessoas à espera de transplante de córnea	Brasil tem quase 38 mil pessoas à espera de transplante de córnea	Saúde	0.9507	V	0.9127	0.9127	0.0873	"{""Saúde"": 0.9507, ""Política"": 0.0172, ""Economia"": 0.002, ""Esportes"": 0.0025, ""Entretenimento"": 0.0046, ""Outros"": 0.0232}"	1562.3
112_1	Autismo: médica lista estratégias que ajudam no atendimento a crianças	Autismo: médica lista estratégias que ajudam no atendimento a crianças.	Saúde	0.8671	V	0.9758	0.9758	0.0242	"{""Saúde"": 0.8671, ""Política"": 0.0073, ""Economia"": 0.0009, ""Esportes"": 0.0012, ""Entretenimento"": 0.0083, ""Outros"": 0.1152}"	1562.3
112_2	Autismo: médica lista estratégias que ajudam no atendimento a crianças	Autismo: médica lista estratégias que ajudam no atendimento a crianças	Saúde	0.8515	V	0.9729	0.9729	0.0271	"{""Saúde"": 0.8515, ""Política"": 0.0081, ""Economia"": 0.001, ""Esportes"": 0.0015, ""Entretenimento"": 0.0104, ""Outros"": 0.1275}"	1562.3
113_1	Cidades do noroeste de SP têm maior incidência de casos de dengue	Cidades do noroeste de SP têm maior incidência de casos de dengue.	Saúde	0.5824	V	0.8711	0.8711	0.1289	"{""Saúde"": 0.5824, ""Política"": 0.0504, ""Economia"": 0.0029, ""Esportes"": 0.0043, ""Entretenimento"": 0.0135, ""Outros"": 0.3465}"	1562.3
113_2	Cidades do noroeste de SP têm maior incidência de casos de dengue	Cidades do noroeste de SP têm maior incidência de casos de dengue	Saúde	0.6393	V	0.8692	0.8692	0.1308	"{""Saúde"": 0.6393, ""Política"": 0.044, ""Economia"": 0.0031, ""Esportes"": 0.0039, ""Entretenimento"": 0.0131, ""Outros"": 0.2967}"	1562.3
114_1	Cuidado multiprofissional e IA são caminhos para reabilitação visual	Cuidado multiprofissional e IA são caminhos para reabilitação visual.	Saúde	0.9564	V	0.9730	0.9730	0.0270	"{""Saúde"": 0.9564, ""Política"": 0.0079, ""Economia"": 0.0008, ""Esportes"": 0.0019, ""Entretenimento"": 0.0081, ""Outros"": 0.0248}"	1562.3
114_2	Cuidado multiprofissional e IA são caminhos para reabilitação visual	Cuidado multiprofissional e IA são caminhos para reabilitação visual	Saúde	0.9533	V	0.9730	0.9730	0.0270	"{""Saúde"": 0.9533, ""Política"": 0.0071, ""Economia"": 0.0007, ""Esportes"": 0.0017, ""Entretenimento"": 0.0091, ""Outros"": 0.028}"	1562.3
115_1	Anvisa aprova genéricos de medicamentos contra diabetes e obesidade	Anvisa aprova genéricos de medicamentos contra diabetes e obesidade.	Saúde	0.9506	V	0.8403	0.8403	0.1597	"{""Saúde"": 0.9506, ""Política"": 0.0407, ""Economia"": 0.0012, ""Esportes"": 0.0025, ""Entretenimento"": 0.0015, ""Outros"": 0.0035}"	1562.3
115_2	Anvisa aprova genéricos de medicamentos contra diabetes e obesidade	Anvisa aprova genéricos de medicamentos contra diabetes e obesidade	Saúde	0.9449	V	0.8246	0.8246	0.1754	"{""Saúde"": 0.9449, ""Política"": 0.0454, ""Economia"": 0.0013, ""Esportes"": 0.0029, ""Entretenimento"": 0.0017, ""Outros"": 0.0038}"	1562.3
116_1	Anvisa aprova novo medicamento para tratamento de enxaqueca	Anvisa aprova novo medicamento para tratamento de enxaqueca.	Saúde	0.9370	V	0.7645	0.7645	0.2355	"{""Saúde"": 0.937, ""Política"": 0.0481, ""Economia"": 0.0014, ""Esportes"": 0.0024, ""Entretenimento"": 0.0033, ""Outros"": 0.0079}"	1568.7
116_2	Anvisa aprova novo medicamento para tratamento de enxaqueca	Anvisa aprova novo medicamento para tratamento de enxaqueca	Saúde	0.9501	V	0.7621	0.7621	0.2379	"{""Saúde"": 0.9501, ""Política"": 0.0381, ""Economia"": 0.0011, ""Esportes"": 0.0021, ""Entretenimento"": 0.0031, ""Outros"": 0.0055}"	1568.7
117_1	Taxa média de recusa de doação de órgãos pelos familiares é 45%	Taxa média de recusa de doação de órgãos pelos familiares é 45%.	Saúde	0.8181	V	0.8773	0.8773	0.1227	"{""Saúde"": 0.8181, ""Política"": 0.0228, ""Economia"": 0.0042, ""Esportes"": 0.0038, ""Entretenimento"": 0.0091, ""Outros"": 0.1421}"	1568.7
117_2	Taxa média de recusa de doação de órgãos pelos familiares é 45%	Taxa média de recusa de doação de órgãos pelos familiares é 45%	Saúde	0.8403	V	0.8651	0.8651	0.1349	"{""Saúde"": 0.8403, ""Política"": 0.0199, ""Economia"": 0.0037, ""Esportes"": 0.003, ""Entretenimento"": 0.0067, ""Outros"": 0.1263}"	1568.7
118	Complexo de Saúde Inteligente no Rio Grande do Sul incorpora evolução tecnológica ao SUS	Complexo de Saúde Inteligente no Rio Grande do Sul incorpora evolução tecnológica ao SUS	Saúde	0.8982	V	0.8995	0.8995	0.1005	"{""Saúde"": 0.8982, ""Política"": 0.0873, ""Economia"": 0.0022, ""Esportes"": 0.002, ""Entretenimento"": 0.0013, ""Outros"": 0.0089}"	1568.7
119_1	Ministério da Saúde seleciona boas práticas no cuidado do câncer do colo do útero	Ministério da Saúde seleciona boas práticas no cuidado do câncer do colo do útero.	Saúde	0.8989	V	0.9593	0.9593	0.0407	"{""Saúde"": 0.8989, ""Política"": 0.0931, ""Economia"": 0.0021, ""Esportes"": 0.0029, ""Entretenimento"": 0.0012, ""Outros"": 0.0019}"	1568.7
119_2	Ministério da Saúde seleciona boas práticas no cuidado do câncer do colo do útero	Ministério da Saúde seleciona boas práticas no cuidado do câncer do colo do útero	Saúde	0.9095	V	0.9714	0.9714	0.0286	"{""Saúde"": 0.9095, ""Política"": 0.0835, ""Economia"": 0.0018, ""Esportes"": 0.0022, ""Entretenimento"": 0.001, ""Outros"": 0.0019}"	1568.7
120_1	Governo notifica Google e cobra remoção de vídeos com falsos médicos criados por IA	Governo notifica Google e cobra remoção de vídeos com falsos médicos criados por IA.	Política	0.4166	V	0.7703	0.7703	0.2297	"{""Saúde"": 0.3713, ""Política"": 0.4166, ""Economia"": 0.0037, ""Esportes"": 0.0126, ""Entretenimento"": 0.026, ""Outros"": 0.1698}"	1568.7
120_2	Governo notifica Google e cobra remoção de vídeos com falsos médicos criados por IA	Governo notifica Google e cobra remoção de vídeos com falsos médicos criados por IA	Política	0.4537	V	0.7793	0.7793	0.2207	"{""Saúde"": 0.3745, ""Política"": 0.4537, ""Economia"": 0.0039, ""Esportes"": 0.0113, ""Entretenimento"": 0.0231, ""Outros"": 0.1334}"	1568.7
121_1	Hepatites virais exigem diferentes formas de prevenção e cuidado; saiba o que o SUS oferece	Hepatites virais exigem diferentes formas de prevenção e cuidado; saiba o que o SUS oferece.	Saúde	0.9768	V	0.9661	0.9661	0.0339	"{""Saúde"": 0.9768, ""Política"": 0.0177, ""Economia"": 0.0012, ""Esportes"": 0.0016, ""Entretenimento"": 0.0005, ""Outros"": 0.0022}"	1556.8
121_2	Hepatites virais exigem diferentes formas de prevenção e cuidado; saiba o que o SUS oferece	Hepatites virais exigem diferentes formas de prevenção e cuidado; saiba o que o SUS oferece	Saúde	0.9735	V	0.9571	0.9571	0.0429	"{""Saúde"": 0.9735, ""Política"": 0.0198, ""Economia"": 0.0015, ""Esportes"": 0.0018, ""Entretenimento"": 0.0005, ""Outros"": 0.003}"	1556.8
122_1	História que aponta que idosa chamada Masako Soga recuperou a fala e se curou do Alzheimer após usar psilocibina distorce realidade	História que aponta que idosa chamada Masako Soga recuperou a fala e se curou do Alzheimer após usar psilocibina distorce realidade.	Saúde	0.4759	V	0.9162	0.9162	0.0838	"{""Saúde"": 0.4759, ""Política"": 0.0089, ""Economia"": 0.0011, ""Esportes"": 0.0041, ""Entretenimento"": 0.2083, ""Outros"": 0.3017}"	1556.8
122_2	História que aponta que idosa chamada Masako Soga recuperou a fala e se curou do Alzheimer após usar psilocibina distorce realidade	História que aponta que idosa chamada Masako Soga recuperou a fala e se curou do Alzheimer após usar psilocibina distorce realidade	Saúde	0.4992	V	0.8744	0.8744	0.1256	"{""Saúde"": 0.4992, ""Política"": 0.0106, ""Economia"": 0.0012, ""Esportes"": 0.0045, ""Entretenimento"": 0.1829, ""Outros"": 0.3015}"	1556.8
123_1	São Paulo tem mais de 58 mil casos de dengue desde o início do ano	São Paulo tem mais de 58 mil casos de dengue desde o início do ano.	Saúde	0.7367	V	0.9367	0.9367	0.0633	"{""Saúde"": 0.7367, ""Política"": 0.0189, ""Economia"": 0.002, ""Esportes"": 0.0049, ""Entretenimento"": 0.0127, ""Outros"": 0.2247}"	1556.8
123_2	São Paulo tem mais de 58 mil casos de dengue desde o início do ano	São Paulo tem mais de 58 mil casos de dengue desde o início do ano	Saúde	0.7805	V	0.9372	0.9372	0.0628	"{""Saúde"": 0.7805, ""Política"": 0.02, ""Economia"": 0.0018, ""Esportes"": 0.0041, ""Entretenimento"": 0.0092, ""Outros"": 0.1844}"	1556.8
124_1	Hospital de Amor em Barretos inaugura ala de reabilitação oncológica	Hospital de Amor em Barretos inaugura ala de reabilitação oncológica.	Saúde	0.9440	V	0.8667	0.8667	0.1333	"{""Saúde"": 0.944, ""Política"": 0.0169, ""Economia"": 0.0008, ""Esportes"": 0.0012, ""Entretenimento"": 0.0091, ""Outros"": 0.028}"	1556.8
124_2	Hospital de Amor em Barretos inaugura ala de reabilitação oncológica	Hospital de Amor em Barretos inaugura ala de reabilitação oncológica	Saúde	0.9438	V	0.8667	0.8667	0.1333	"{""Saúde"": 0.9438, ""Política"": 0.0168, ""Economia"": 0.0009, ""Esportes"": 0.0015, ""Entretenimento"": 0.0091, ""Outros"": 0.028}"	1556.8
125_1	Saúde mental após perda gestacional requer atenção de profissionais	Saúde mental após perda gestacional requer atenção de profissionais.	Saúde	0.9901	V	0.9899	0.9899	0.0101	"{""Saúde"": 0.9901, ""Política"": 0.0043, ""Economia"": 0.0003, ""Esportes"": 0.0004, ""Entretenimento"": 0.0004, ""Outros"": 0.0045}"	1556.8
125_2	Saúde mental após perda gestacional requer atenção de profissionais	Saúde mental após perda gestacional requer atenção de profissionais	Saúde	0.9910	V	0.9921	0.9921	0.0079	"{""Saúde"": 0.991, ""Política"": 0.0034, ""Economia"": 0.0003, ""Esportes"": 0.0004, ""Entretenimento"": 0.0004, ""Outros"": 0.0046}"	1556.8
126_1	Anvisa aprova importação de remédio experimental para piloto Lito	Anvisa aprova importação de remédio experimental para piloto Lito.	Saúde	0.6085	V	0.8637	0.8637	0.1363	"{""Saúde"": 0.6085, ""Política"": 0.0334, ""Economia"": 0.0023, ""Esportes"": 0.0058, ""Entretenimento"": 0.1965, ""Outros"": 0.1535}"	1573.0
126_2	Anvisa aprova importação de remédio experimental para piloto Lito	Anvisa aprova importação de remédio experimental para piloto Lito	Saúde	0.6894	V	0.8459	0.8459	0.1541	"{""Saúde"": 0.6894, ""Política"": 0.0332, ""Economia"": 0.0019, ""Esportes"": 0.0049, ""Entretenimento"": 0.1683, ""Outros"": 0.1023}"	1573.0
127_1	Presidente e ministro da Saúde visitam Diretório de Reabilitação Moderna do Hospital de Amor, em Barretos (SP)	Presidente e ministro da Saúde visitam Diretório de Reabilitação Moderna do Hospital de Amor, em Barretos (SP).	Saúde	0.7000	V	0.9350	0.9350	0.0650	"{""Saúde"": 0.7, ""Política"": 0.2237, ""Economia"": 0.0051, ""Esportes"": 0.0051, ""Entretenimento"": 0.0056, ""Outros"": 0.0605}"	1573.0
127_2	Presidente e ministro da Saúde visitam Diretório de Reabilitação Moderna do Hospital de Amor, em Barretos (SP)	Presidente e ministro da Saúde visitam Diretório de Reabilitação Moderna do Hospital de Amor, em Barretos (SP)	Saúde	0.7153	V	0.9285	0.9285	0.0715	"{""Saúde"": 0.7153, ""Política"": 0.226, ""Economia"": 0.0061, ""Esportes"": 0.0059, ""Entretenimento"": 0.0045, ""Outros"": 0.0423}"	1573.0
128_1	SUS reforça assistência oncológica e atendimento de urgência e emergência no Vale do Ribeira (SP)	SUS reforça assistência oncológica e atendimento de urgência e emergência no Vale do Ribeira (SP).	Saúde	0.8768	V	0.9207	0.9207	0.0793	"{""Saúde"": 0.8768, ""Política"": 0.1128, ""Economia"": 0.0023, ""Esportes"": 0.0015, ""Entretenimento"": 0.0011, ""Outros"": 0.0054}"	1573.0
128_2	SUS reforça assistência oncológica e atendimento de urgência e emergência no Vale do Ribeira (SP)	SUS reforça assistência oncológica e atendimento de urgência e emergência no Vale do Ribeira (SP)	Saúde	0.8604	V	0.9189	0.9189	0.0811	"{""Saúde"": 0.8604, ""Política"": 0.1278, ""Economia"": 0.0024, ""Esportes"": 0.002, ""Entretenimento"": 0.0014, ""Outros"": 0.006}"	1573.0
129_1	500 Ultrassons Portáteis fortalecem atendimento nas Unidades Básicas de Saúde	500 Ultrassons Portáteis fortalecem atendimento nas Unidades Básicas de Saúde.	Saúde	0.9315	V	0.8585	0.8585	0.1415	"{""Saúde"": 0.9315, ""Política"": 0.0519, ""Economia"": 0.0016, ""Esportes"": 0.002, ""Entretenimento"": 0.0017, ""Outros"": 0.0113}"	1573.0
129_2	500 Ultrassons Portáteis fortalecem atendimento nas Unidades Básicas de Saúde	500 Ultrassons Portáteis fortalecem atendimento nas Unidades Básicas de Saúde	Saúde	0.9210	V	0.8280	0.8280	0.1720	"{""Saúde"": 0.921, ""Política"": 0.0632, ""Economia"": 0.0015, ""Esportes"": 0.002, ""Entretenimento"": 0.0015, ""Outros"": 0.0107}"	1573.0
130_1	Denasus identifica irregularidades e abre auditoria em Pronto Socorro Municipal de Ananindeua, no Pará	Denasus identifica irregularidades e abre auditoria em Pronto Socorro Municipal de Ananindeua, no Pará.	Política	0.6620	V	0.9769	0.9769	0.0231	"{""Saúde"": 0.3148, ""Política"": 0.662, ""Economia"": 0.0035, ""Esportes"": 0.0047, ""Entretenimento"": 0.0015, ""Outros"": 0.0135}"	1573.0
130_2	Denasus identifica irregularidades e abre auditoria em Pronto Socorro Municipal de Ananindeua, no Pará	Denasus identifica irregularidades e abre auditoria em Pronto Socorro Municipal de Ananindeua, no Pará	Política	0.6878	V	0.9751	0.9751	0.0249	"{""Saúde"": 0.2897, ""Política"": 0.6878, ""Economia"": 0.0038, ""Esportes"": 0.0046, ""Entretenimento"": 0.0017, ""Outros"": 0.0124}"	1573.0
131	México busca experiência brasileira para construção de serviço universal de saúde	México busca experiência brasileira para construção de serviço universal de saúde	Política	0.6197	V	0.8764	0.8764	0.1236	"{""Saúde"": 0.3449, ""Política"": 0.6197, ""Economia"": 0.0032, ""Esportes"": 0.0041, ""Entretenimento"": 0.0049, ""Outros"": 0.0232}"	1567.2
132_1	Ministério da Saúde apresenta Central de Comando das UTIs Inteligentes do SUS	Ministério da Saúde apresenta Central de Comando das UTIs Inteligentes do SUS.	Saúde	0.8081	V	0.8387	0.8387	0.1613	"{""Saúde"": 0.8081, ""Política"": 0.1784, ""Economia"": 0.0029, ""Esportes"": 0.0042, ""Entretenimento"": 0.0014, ""Outros"": 0.005}"	1567.2
132_2	Ministério da Saúde apresenta Central de Comando das UTIs Inteligentes do SUS	Ministério da Saúde apresenta Central de Comando das UTIs Inteligentes do SUS	Saúde	0.7838	V	0.8721	0.8721	0.1279	"{""Saúde"": 0.7838, ""Política"": 0.2008, ""Economia"": 0.0032, ""Esportes"": 0.005, ""Entretenimento"": 0.0018, ""Outros"": 0.0054}"	1567.2
133_1	Pesquisa Nacional de Saúde Mental realiza coleta de dados em 197 municípios	Pesquisa Nacional de Saúde Mental realiza coleta de dados em 197 municípios.	Saúde	0.8556	V	0.9254	0.9254	0.0746	"{""Saúde"": 0.8556, ""Política"": 0.114, ""Economia"": 0.0021, ""Esportes"": 0.0035, ""Entretenimento"": 0.0037, ""Outros"": 0.0211}"	1567.2
133_2	Pesquisa Nacional de Saúde Mental realiza coleta de dados em 197 municípios	Pesquisa Nacional de Saúde Mental realiza coleta de dados em 197 municípios	Saúde	0.8498	V	0.9275	0.9275	0.0725	"{""Saúde"": 0.8498, ""Política"": 0.1259, ""Economia"": 0.002, ""Esportes"": 0.0028, ""Entretenimento"": 0.0032, ""Outros"": 0.0162}"	1567.2
134_1	Fiocruz vai iniciar testes da primeira vacina RNAm contra a covid-19	Fiocruz vai iniciar testes da primeira vacina RNAm contra a covid-19.	Saúde	0.9573	V	0.8666	0.8666	0.1334	"{""Saúde"": 0.9573, ""Política"": 0.0263, ""Economia"": 0.0051, ""Esportes"": 0.0031, ""Entretenimento"": 0.0025, ""Outros"": 0.0056}"	1567.2
134_2	Fiocruz vai iniciar testes da primeira vacina RNAm contra a covid-19	Fiocruz vai iniciar testes da primeira vacina RNAm contra a covid-19	Saúde	0.9615	V	0.8915	0.8915	0.1085	"{""Saúde"": 0.9615, ""Política"": 0.0242, ""Economia"": 0.0041, ""Esportes"": 0.0029, ""Entretenimento"": 0.0023, ""Outros"": 0.0051}"	1567.2
135_1	Sancionada lei que prevê oferta de trombolíticos para tratamento de infarto e AVC na rede de urgência e emergência do SUS	Sancionada lei que prevê oferta de trombolíticos para tratamento de infarto e AVC na rede de urgência e emergência do SUS.	Saúde	0.8912	V	0.9207	0.9207	0.0793	"{""Saúde"": 0.8912, ""Política"": 0.0996, ""Economia"": 0.0033, ""Esportes"": 0.0017, ""Entretenimento"": 0.0013, ""Outros"": 0.0029}"	1567.2
135_2	Sancionada lei que prevê oferta de trombolíticos para tratamento de infarto e AVC na rede de urgência e emergência do SUS	Sancionada lei que prevê oferta de trombolíticos para tratamento de infarto e AVC na rede de urgência e emergência do SUS	Saúde	0.9119	V	0.9189	0.9189	0.0811	"{""Saúde"": 0.9119, ""Política"": 0.0797, ""Economia"": 0.0033, ""Esportes"": 0.0015, ""Entretenimento"": 0.001, ""Outros"": 0.0027}"	1567.2
136_1	Primeiro Centro de Competência em Terapias e Vacinas com RNA é implementado no Brasil com o apoio do Ministério da Saúde	Primeiro Centro de Competência em Terapias e Vacinas com RNA é implementado no Brasil com o apoio do Ministério da Saúde.	Saúde	0.9784	V	0.8939	0.8939	0.1061	"{""Saúde"": 0.9784, ""Política"": 0.0167, ""Economia"": 0.0011, ""Esportes"": 0.0011, ""Entretenimento"": 0.0006, ""Outros"": 0.002}"	1578.2
136_2	Primeiro Centro de Competência em Terapias e Vacinas com RNA é implementado no Brasil com o apoio do Ministério da Saúde	Primeiro Centro de Competência em Terapias e Vacinas com RNA é implementado no Brasil com o apoio do Ministério da Saúde	Saúde	0.9779	V	0.8937	0.8937	0.1063	"{""Saúde"": 0.9779, ""Política"": 0.0169, ""Economia"": 0.0012, ""Esportes"": 0.0012, ""Entretenimento"": 0.0006, ""Outros"": 0.0022}"	1578.2
137_1	SUS regulamenta Componente da Assistência Farmacêutica em Oncologia	SUS regulamenta Componente da Assistência Farmacêutica em Oncologia.	Saúde	0.9731	V	0.9669	0.9669	0.0331	"{""Saúde"": 0.9731, ""Política"": 0.0258, ""Economia"": 0.0003, ""Esportes"": 0.0003, ""Entretenimento"": 0.0002, ""Outros"": 0.0002}"	1578.2
137_2	SUS regulamenta Componente da Assistência Farmacêutica em Oncologia	SUS regulamenta Componente da Assistência Farmacêutica em Oncologia	Saúde	0.9758	V	0.9668	0.9668	0.0332	"{""Saúde"": 0.9758, ""Política"": 0.023, ""Economia"": 0.0003, ""Esportes"": 0.0004, ""Entretenimento"": 0.0003, ""Outros"": 0.0002}"	1578.2
138_1	Ministério da Saúde participa de debate sobre sistemas de saúde na América Latina e no Caribe	Ministério da Saúde participa de debate sobre sistemas de saúde na América Latina e no Caribe.	Saúde	0.5122	V	0.9679	0.9679	0.0321	"{""Saúde"": 0.5122, ""Política"": 0.4822, ""Economia"": 0.0015, ""Esportes"": 0.0017, ""Entretenimento"": 0.0006, ""Outros"": 0.0018}"	1578.2
138_2	Ministério da Saúde participa de debate sobre sistemas de saúde na América Latina e no Caribe	Ministério da Saúde participa de debate sobre sistemas de saúde na América Latina e no Caribe	Política	0.5130	V	0.9696	0.9696	0.0304	"{""Saúde"": 0.4803, ""Política"": 0.513, ""Economia"": 0.002, ""Esportes"": 0.0021, ""Entretenimento"": 0.0008, ""Outros"": 0.0018}"	1578.2
139_1	Ministério da Saúde publica Plano de Dados Abertos para o período 2026–2028	Ministério da Saúde publica Plano de Dados Abertos para o período 2026–2028.	Política	0.6957	V	0.5139	0.5139	0.4861	"{""Saúde"": 0.2968, ""Política"": 0.6957, ""Economia"": 0.0014, ""Esportes"": 0.0027, ""Entretenimento"": 0.0009, ""Outros"": 0.0025}"	1578.2
139_2	Ministério da Saúde publica Plano de Dados Abertos para o período 2026–2028	Ministério da Saúde publica Plano de Dados Abertos para o período 2026–2028	Política	0.7024	F	0.5325	0.4675	0.5325	"{""Saúde"": 0.2902, ""Política"": 0.7024, ""Economia"": 0.0014, ""Esportes"": 0.0025, ""Entretenimento"": 0.0011, ""Outros"": 0.0024}"	1578.2
140	Anvisa interrompe fabricação de produtos de limpeza da Unilever	Anvisa interrompe fabricação de produtos de limpeza da Unilever	Saúde	0.7477	V	0.8353	0.8353	0.1647	"{""Saúde"": 0.7477, ""Política"": 0.0625, ""Economia"": 0.0034, ""Esportes"": 0.0069, ""Entretenimento"": 0.0192, ""Outros"": 0.1602}"	1578.2
141_1	Anvisa interdita água mineral da marca Vitoriosa por conter coliformes	Anvisa interdita água mineral da marca Vitoriosa por conter coliformes.	Saúde	0.9131	V	0.8192	0.8192	0.1808	"{""Saúde"": 0.9131, ""Política"": 0.0331, ""Economia"": 0.0016, ""Esportes"": 0.0023, ""Entretenimento"": 0.0078, ""Outros"": 0.0421}"	1548.4
141_2	Anvisa interdita água mineral da marca Vitoriosa por conter coliformes	Anvisa interdita água mineral da marca Vitoriosa por conter coliformes	Saúde	0.9275	V	0.8345	0.8345	0.1655	"{""Saúde"": 0.9275, ""Política"": 0.028, ""Economia"": 0.0015, ""Esportes"": 0.0018, ""Entretenimento"": 0.0071, ""Outros"": 0.0341}"	1548.4
142_1	Brasil consolida desenvolvimento de vacinas com RNA mensageiro e amplia respostas contra crises sanitárias	Brasil consolida desenvolvimento de vacinas com RNA mensageiro e amplia respostas contra crises sanitárias.	Saúde	0.9782	V	0.9047	0.9047	0.0953	"{""Saúde"": 0.9782, ""Política"": 0.0172, ""Economia"": 0.0015, ""Esportes"": 0.001, ""Entretenimento"": 0.0007, ""Outros"": 0.0014}"	1548.4
142_2	Brasil consolida desenvolvimento de vacinas com RNA mensageiro e amplia respostas contra crises sanitárias	Brasil consolida desenvolvimento de vacinas com RNA mensageiro e amplia respostas contra crises sanitárias	Saúde	0.9803	V	0.9045	0.9045	0.0955	"{""Saúde"": 0.9803, ""Política"": 0.0154, ""Economia"": 0.0013, ""Esportes"": 0.001, ""Entretenimento"": 0.0007, ""Outros"": 0.0013}"	1548.4
143_1	Casos confirmados de sarampo chegam a 28 em São Paulo	Casos confirmados de sarampo chegam a 28 em São Paulo.	Saúde	0.9370	V	0.8521	0.8521	0.1479	"{""Saúde"": 0.937, ""Política"": 0.0124, ""Economia"": 0.0016, ""Esportes"": 0.0025, ""Entretenimento"": 0.0069, ""Outros"": 0.0396}"	1548.4
143_2	Casos confirmados de sarampo chegam a 28 em São Paulo	Casos confirmados de sarampo chegam a 28 em São Paulo	Saúde	0.9512	V	0.8680	0.8680	0.1320	"{""Saúde"": 0.9512, ""Política"": 0.0144, ""Economia"": 0.0014, ""Esportes"": 0.0018, ""Entretenimento"": 0.0063, ""Outros"": 0.0249}"	1548.4
144_1	SUS amplia oferta de trombolíticos para infarto e AVC isquêmico	SUS amplia oferta de trombolíticos para infarto e AVC isquêmico.	Saúde	0.9302	V	0.9261	0.9261	0.0739	"{""Saúde"": 0.9302, ""Política"": 0.065, ""Economia"": 0.0014, ""Esportes"": 0.0011, ""Entretenimento"": 0.0013, ""Outros"": 0.001}"	1548.4
144_2	SUS amplia oferta de trombolíticos para infarto e AVC isquêmico	SUS amplia oferta de trombolíticos para infarto e AVC isquêmico	Saúde	0.9432	V	0.9332	0.9332	0.0668	"{""Saúde"": 0.9432, ""Política"": 0.0521, ""Economia"": 0.0012, ""Esportes"": 0.0011, ""Entretenimento"": 0.0012, ""Outros"": 0.0012}"	1548.4
145_1	Ministério da Saúde divulga cursos nacionais sobre tuberculose e hanseníase	Ministério da Saúde divulga cursos nacionais sobre tuberculose e hanseníase.	Saúde	0.9222	V	0.9091	0.9091	0.0909	"{""Saúde"": 0.9222, ""Política"": 0.0698, ""Economia"": 0.0023, ""Esportes"": 0.0015, ""Entretenimento"": 0.001, ""Outros"": 0.0032}"	1548.4
145_2	Ministério da Saúde divulga cursos nacionais sobre tuberculose e hanseníase	Ministério da Saúde divulga cursos nacionais sobre tuberculose e hanseníase	Saúde	0.9132	V	0.9098	0.9098	0.0902	"{""Saúde"": 0.9132, ""Política"": 0.0788, ""Economia"": 0.0021, ""Esportes"": 0.0015, ""Entretenimento"": 0.001, ""Outros"": 0.0034}"	1548.4
146_1	Campanha Nacional de Multivacinação termina nesta terça-feira	Campanha Nacional de Multivacinação termina nesta terça-feira.	Saúde	0.7032	V	0.8750	0.8750	0.1250	"{""Saúde"": 0.7032, ""Política"": 0.078, ""Economia"": 0.0031, ""Esportes"": 0.0039, ""Entretenimento"": 0.0113, ""Outros"": 0.2005}"	1644.5
146_2	Campanha Nacional de Multivacinação termina nesta terça-feira	Campanha Nacional de Multivacinação termina nesta terça-feira	Saúde	0.7695	V	0.8998	0.8998	0.1002	"{""Saúde"": 0.7695, ""Política"": 0.0959, ""Economia"": 0.0022, ""Esportes"": 0.0035, ""Entretenimento"": 0.0077, ""Outros"": 0.1212}"	1644.5
147_1	Anvisa determina apreensão de produtos da marca United Labz	Anvisa determina apreensão de produtos da marca United Labz.	Saúde	0.8830	V	0.7767	0.7767	0.2233	"{""Saúde"": 0.883, ""Política"": 0.0637, ""Economia"": 0.0021, ""Esportes"": 0.0046, ""Entretenimento"": 0.0126, ""Outros"": 0.0341}"	1644.5
147_2	Anvisa determina apreensão de produtos da marca United Labz	Anvisa determina apreensão de produtos da marca United Labz	Saúde	0.8989	V	0.8027	0.8027	0.1973	"{""Saúde"": 0.8989, ""Política"": 0.0529, ""Economia"": 0.0015, ""Esportes"": 0.0036, ""Entretenimento"": 0.0116, ""Outros"": 0.0315}"	1644.5
148_1	Campanha Nacional de Multivacinação encerra nesta terça-feira (1º) com mais de 8 milhões de doses aplicadas	Campanha Nacional de Multivacinação encerra nesta terça-feira (1º) com mais de 8 milhões de doses aplicadas.	Saúde	0.9391	V	0.9069	0.9069	0.0931	"{""Saúde"": 0.9391, ""Política"": 0.0438, ""Economia"": 0.0019, ""Esportes"": 0.0011, ""Entretenimento"": 0.002, ""Outros"": 0.0121}"	1644.5
148_2	Campanha Nacional de Multivacinação encerra nesta terça-feira (1º) com mais de 8 milhões de doses aplicadas	Campanha Nacional de Multivacinação encerra nesta terça-feira (1º) com mais de 8 milhões de doses aplicadas	Saúde	0.9393	V	0.8969	0.8969	0.1031	"{""Saúde"": 0.9393, ""Política"": 0.0483, ""Economia"": 0.0015, ""Esportes"": 0.001, ""Entretenimento"": 0.0016, ""Outros"": 0.0083}"	1644.5
149_1	AGU derruba 18 grupos e canais que vendiam passaportes vacinais falsos no Telegram	AGU derruba 18 grupos e canais que vendiam passaportes vacinais falsos no Telegram.	Saúde	0.5591	V	0.6721	0.6721	0.3279	"{""Saúde"": 0.5591, ""Política"": 0.3751, ""Economia"": 0.0035, ""Esportes"": 0.0061, ""Entretenimento"": 0.0057, ""Outros"": 0.0504}"	1644.5
149_2	AGU derruba 18 grupos e canais que vendiam passaportes vacinais falsos no Telegram	AGU derruba 18 grupos e canais que vendiam passaportes vacinais falsos no Telegram	Saúde	0.5044	V	0.6322	0.6322	0.3678	"{""Saúde"": 0.5044, ""Política"": 0.4465, ""Economia"": 0.0031, ""Esportes"": 0.0064, ""Entretenimento"": 0.004, ""Outros"": 0.0356}"	1644.5
150_1	SUS reforça preparação em todo o país para antecipar riscos e proteger população dos impactos do El Niño	SUS reforça preparação em todo o país para antecipar riscos e proteger população dos impactos do El Niño.	Política	0.5053	V	0.9718	0.9718	0.0282	"{""Saúde"": 0.4365, ""Política"": 0.5053, ""Economia"": 0.003, ""Esportes"": 0.0065, ""Entretenimento"": 0.0035, ""Outros"": 0.0451}"	1644.5
150_2	SUS reforça preparação em todo o país para antecipar riscos e proteger população dos impactos do El Niño	SUS reforça preparação em todo o país para antecipar riscos e proteger população dos impactos do El Niño	Política	0.5402	V	0.9756	0.9756	0.0244	"{""Saúde"": 0.4099, ""Política"": 0.5402, ""Economia"": 0.0029, ""Esportes"": 0.0062, ""Entretenimento"": 0.0031, ""Outros"": 0.0378}"	1644.5
151_1	Ministério da Saúde trabalha o fortalecimento das capacidades nacionais para ampliar eficiência e equidade no SUS	Ministério da Saúde trabalha o fortalecimento das capacidades nacionais para ampliar eficiência e equidade no SUS.	Saúde	0.7560	V	0.9513	0.9513	0.0487	"{""Saúde"": 0.756, ""Política"": 0.2326, ""Economia"": 0.0033, ""Esportes"": 0.0038, ""Entretenimento"": 0.0012, ""Outros"": 0.0031}"	1535.1
151_2	Ministério da Saúde trabalha o fortalecimento das capacidades nacionais para ampliar eficiência e equidade no SUS	Ministério da Saúde trabalha o fortalecimento das capacidades nacionais para ampliar eficiência e equidade no SUS	Saúde	0.7335	V	0.9520	0.9520	0.0480	"{""Saúde"": 0.7335, ""Política"": 0.2555, ""Economia"": 0.0031, ""Esportes"": 0.0037, ""Entretenimento"": 0.001, ""Outros"": 0.0032}"	1535.1
152_1	Câmaras Técnicas discutem qualificação da atenção às doenças renais e à traumato-ortopedia no SUS	Câmaras Técnicas discutem qualificação da atenção às doenças renais e à traumato-ortopedia no SUS.	Saúde	0.8331	V	0.9138	0.9138	0.0862	"{""Saúde"": 0.8331, ""Política"": 0.1535, ""Economia"": 0.0038, ""Esportes"": 0.0021, ""Entretenimento"": 0.0014, ""Outros"": 0.0061}"	1535.1
152_2	Câmaras Técnicas discutem qualificação da atenção às doenças renais e à traumato-ortopedia no SUS	Câmaras Técnicas discutem qualificação da atenção às doenças renais e à traumato-ortopedia no SUS	Saúde	0.8469	V	0.9111	0.9111	0.0889	"{""Saúde"": 0.8469, ""Política"": 0.1395, ""Economia"": 0.0035, ""Esportes"": 0.0027, ""Entretenimento"": 0.0015, ""Outros"": 0.0058}"	1535.1
153_1	SUS vai ofertar três novos medicamentos para o tratamento de câncer de pulmão	SUS vai ofertar três novos medicamentos para o tratamento de câncer de pulmão.	Saúde	0.8655	V	0.8627	0.8627	0.1373	"{""Saúde"": 0.8655, ""Política"": 0.1253, ""Economia"": 0.0024, ""Esportes"": 0.002, ""Entretenimento"": 0.0017, ""Outros"": 0.0032}"	1535.1
153_2	SUS vai ofertar três novos medicamentos para o tratamento de câncer de pulmão	SUS vai ofertar três novos medicamentos para o tratamento de câncer de pulmão	Saúde	0.8789	V	0.8659	0.8659	0.1341	"{""Saúde"": 0.8789, ""Política"": 0.1118, ""Economia"": 0.0025, ""Esportes"": 0.0021, ""Entretenimento"": 0.0017, ""Outros"": 0.003}"	1535.1
154_1	Secretarias Municipais de Saúde devem formalizar recebimento de equipamentos para as Unidades Básicas de Saúde	Secretarias Municipais de Saúde devem formalizar recebimento de equipamentos para as Unidades Básicas de Saúde.	Saúde	0.7112	V	0.9297	0.9297	0.0703	"{""Saúde"": 0.7112, ""Política"": 0.2799, ""Economia"": 0.0044, ""Esportes"": 0.0024, ""Entretenimento"": 0.0006, ""Outros"": 0.0016}"	1535.1
154_2	Secretarias Municipais de Saúde devem formalizar recebimento de equipamentos para as Unidades Básicas de Saúde	Secretarias Municipais de Saúde devem formalizar recebimento de equipamentos para as Unidades Básicas de Saúde	Saúde	0.6545	V	0.9372	0.9372	0.0628	"{""Saúde"": 0.6545, ""Política"": 0.3365, ""Economia"": 0.0038, ""Esportes"": 0.0025, ""Entretenimento"": 0.0007, ""Outros"": 0.002}"	1535.1
155	Bolsonaro foi ilibado por comissão de inquérito à Covid-19 ...	Bolsonaro foi ilibado por comissão de inquérito à Covid-19 .. Bolsonaro foi ilibado por comissão de inquérito à Covid-19 .	Política	0.7620	F	0.6393	0.3607	0.6393	"{""Saúde"": 0.2344, ""Política"": 0.762, ""Economia"": 0.0007, ""Esportes"": 0.0008, ""Entretenimento"": 0.0003, ""Outros"": 0.0018}"	1535.1
156_1	Anvisa aprova nova caneta emagrecedora à base de semaglutida	Anvisa aprova nova caneta emagrecedora à base de semaglutida.	Saúde	0.9675	V	0.6561	0.6561	0.3439	"{""Saúde"": 0.9675, ""Política"": 0.0227, ""Economia"": 0.0011, ""Esportes"": 0.0017, ""Entretenimento"": 0.0024, ""Outros"": 0.0045}"	1569.0
156_2	Anvisa aprova nova caneta emagrecedora à base de semaglutida	Anvisa aprova nova caneta emagrecedora à base de semaglutida	Saúde	0.9733	V	0.6815	0.6815	0.3185	"{""Saúde"": 0.9733, ""Política"": 0.0186, ""Economia"": 0.0011, ""Esportes"": 0.0015, ""Entretenimento"": 0.002, ""Outros"": 0.0035}"	1569.0
157_1	Ministério da Saúde participa de oficina no Panamá sobre formação profissional e desenvolvimento de competências na atenção primária	Ministério da Saúde participa de oficina no Panamá sobre formação profissional e desenvolvimento de competências na atenção primária.	Saúde	0.8669	V	0.9525	0.9525	0.0475	"{""Saúde"": 0.8669, ""Política"": 0.1268, ""Economia"": 0.0011, ""Esportes"": 0.0014, ""Entretenimento"": 0.0006, ""Outros"": 0.0032}"	1569.0
157_2	Ministério da Saúde participa de oficina no Panamá sobre formação profissional e desenvolvimento de competências na atenção primária	Ministério da Saúde participa de oficina no Panamá sobre formação profissional e desenvolvimento de competências na atenção primária	Saúde	0.8196	V	0.9352	0.9352	0.0648	"{""Saúde"": 0.8196, ""Política"": 0.1705, ""Economia"": 0.0018, ""Esportes"": 0.0026, ""Entretenimento"": 0.0009, ""Outros"": 0.0045}"	1569.0
158_1	SUS terá três novos medicamentos para câncer de pulmão	SUS terá três novos medicamentos para câncer de pulmão.	Saúde	0.8701	V	0.8431	0.8431	0.1569	"{""Saúde"": 0.8701, ""Política"": 0.1141, ""Economia"": 0.0022, ""Esportes"": 0.0027, ""Entretenimento"": 0.0037, ""Outros"": 0.0073}"	1569.0
158_2	SUS terá três novos medicamentos para câncer de pulmão	SUS terá três novos medicamentos para câncer de pulmão	Saúde	0.8762	V	0.8635	0.8635	0.1365	"{""Saúde"": 0.8762, ""Política"": 0.1089, ""Economia"": 0.002, ""Esportes"": 0.0028, ""Entretenimento"": 0.0035, ""Outros"": 0.0066}"	1569.0
159_1	Pacientes com câncer colorretal têm medicamento aprovado pela Anvisa	Pacientes com câncer colorretal têm medicamento aprovado pela Anvisa.	Saúde	0.9697	V	0.9567	0.9567	0.0433	"{""Saúde"": 0.9697, ""Política"": 0.0209, ""Economia"": 0.0007, ""Esportes"": 0.001, ""Entretenimento"": 0.0028, ""Outros"": 0.0049}"	1569.0
159_2	Pacientes com câncer colorretal têm medicamento aprovado pela Anvisa	Pacientes com câncer colorretal têm medicamento aprovado pela Anvisa	Saúde	0.9754	V	0.9659	0.9659	0.0341	"{""Saúde"": 0.9754, ""Política"": 0.0186, ""Economia"": 0.0006, ""Esportes"": 0.0009, ""Entretenimento"": 0.0018, ""Outros"": 0.0027}"	1569.0
160_1	Cuidado com os enganadores: não há relação entre a doença Creutzfeldt-Jakob e vacinas da covid-19	Cuidado com os enganadores: não há relação entre a doença Creutzfeldt-Jakob e vacinas da covid-19.	Saúde	0.9832	V	0.9617	0.9617	0.0383	"{""Saúde"": 0.9832, ""Política"": 0.0074, ""Economia"": 0.0007, ""Esportes"": 0.0007, ""Entretenimento"": 0.0008, ""Outros"": 0.0072}"	1569.0
160_2	Cuidado com os enganadores: não há relação entre a doença Creutzfeldt-Jakob e vacinas da covid-19	Cuidado com os enganadores: não há relação entre a doença Creutzfeldt-Jakob e vacinas da covid-19	Saúde	0.9873	V	0.9661	0.9661	0.0339	"{""Saúde"": 0.9873, ""Política"": 0.0065, ""Economia"": 0.0005, ""Esportes"": 0.0006, ""Entretenimento"": 0.0006, ""Outros"": 0.0044}"	1569.0
161_1	Fact Check. Novas informações provam que ivermectina tem 70 ...	Novas informações provam que ivermectina tem 70 .. Fact Check.	Saúde	0.9934	F	0.5904	0.4096	0.5904	"{""Saúde"": 0.9934, ""Política"": 0.0044, ""Economia"": 0.0003, ""Esportes"": 0.0004, ""Entretenimento"": 0.0004, ""Outros"": 0.0012}"	1602.8
161_2	Fact Check. Novas informações provam que ivermectina tem 70 ...	Novas informações provam que ivermectina tem 70 .	Saúde	0.9890	F	0.5618	0.4382	0.5618	"{""Saúde"": 0.989, ""Política"": 0.0043, ""Economia"": 0.0005, ""Esportes"": 0.0015, ""Entretenimento"": 0.0021, ""Outros"": 0.0024}"	1602.8
162	Brasil participa de pesquisa inédita que busca a cura da hepatite B	Brasil participa de pesquisa inédita que busca a cura da hepatite B. Brasil participa de pesquisa inédita que busca a cura da hepatite B	Saúde	0.9679	V	0.8918	0.8918	0.1082	"{""Saúde"": 0.9679, ""Política"": 0.0162, ""Economia"": 0.0018, ""Esportes"": 0.0021, ""Entretenimento"": 0.0035, ""Outros"": 0.0085}"	1602.8
163_1	População quilombola passa a contar com política nacional de saúde integral	População quilombola passa a contar com política nacional de saúde integral.	Saúde	0.5723	V	0.9596	0.9596	0.0404	"{""Saúde"": 0.5723, ""Política"": 0.4029, ""Economia"": 0.006, ""Esportes"": 0.0034, ""Entretenimento"": 0.0023, ""Outros"": 0.0131}"	1602.8
163_2	População quilombola passa a contar com política nacional de saúde integral	População quilombola passa a contar com política nacional de saúde integral	Saúde	0.5120	V	0.9599	0.9599	0.0401	"{""Saúde"": 0.512, ""Política"": 0.4652, ""Economia"": 0.0049, ""Esportes"": 0.0026, ""Entretenimento"": 0.002, ""Outros"": 0.0133}"	1602.8
164_1	Pacientes do SUS serão atendidos por hospitais particulares para a realização de 600 mil cirurgias e exames	Pacientes do SUS serão atendidos por hospitais particulares para a realização de 600 mil cirurgias e exames.	Saúde	0.7481	V	0.6694	0.6694	0.3306	"{""Saúde"": 0.7481, ""Política"": 0.2383, ""Economia"": 0.0032, ""Esportes"": 0.004, ""Entretenimento"": 0.0031, ""Outros"": 0.0033}"	1602.8
164_2	Pacientes do SUS serão atendidos por hospitais particulares para a realização de 600 mil cirurgias e exames	Pacientes do SUS serão atendidos por hospitais particulares para a realização de 600 mil cirurgias e exames	Saúde	0.7001	V	0.6361	0.6361	0.3639	"{""Saúde"": 0.7001, ""Política"": 0.2857, ""Economia"": 0.0031, ""Esportes"": 0.0042, ""Entretenimento"": 0.0029, ""Outros"": 0.0039}"	1602.8
165_1	Vacinação é ampliada em comunidades indígenas da Amazônia	Vacinação é ampliada em comunidades indígenas da Amazônia.	Saúde	0.9318	V	0.9475	0.9475	0.0525	"{""Saúde"": 0.9318, ""Política"": 0.0396, ""Economia"": 0.0015, ""Esportes"": 0.0015, ""Entretenimento"": 0.0022, ""Outros"": 0.0234}"	1602.8
165_2	Vacinação é ampliada em comunidades indígenas da Amazônia	Vacinação é ampliada em comunidades indígenas da Amazônia	Saúde	0.9408	V	0.9629	0.9629	0.0371	"{""Saúde"": 0.9408, ""Política"": 0.0359, ""Economia"": 0.0012, ""Esportes"": 0.0013, ""Entretenimento"": 0.002, ""Outros"": 0.0188}"	1602.8
166_1	Ministério da Saúde reforça chamamento para vacina contra o sarampo	Ministério da Saúde reforça chamamento para vacina contra o sarampo.	Saúde	0.9712	V	0.9709	0.9709	0.0291	"{""Saúde"": 0.9712, ""Política"": 0.0256, ""Economia"": 0.0015, ""Esportes"": 0.0006, ""Entretenimento"": 0.0004, ""Outros"": 0.0008}"	1696.0
166_2	Ministério da Saúde reforça chamamento para vacina contra o sarampo	Ministério da Saúde reforça chamamento para vacina contra o sarampo	Saúde	0.9680	V	0.9771	0.9771	0.0229	"{""Saúde"": 0.968, ""Política"": 0.0289, ""Economia"": 0.0014, ""Esportes"": 0.0006, ""Entretenimento"": 0.0005, ""Outros"": 0.0007}"	1696.0
167_1	SUS oferta exames de diagnóstico, tratamento e acompanhamento multidisciplinar para esclerose múltipla	SUS oferta exames de diagnóstico, tratamento e acompanhamento multidisciplinar para esclerose múltipla.	Saúde	0.9544	V	0.9067	0.9067	0.0933	"{""Saúde"": 0.9544, ""Política"": 0.0392, ""Economia"": 0.0013, ""Esportes"": 0.0011, ""Entretenimento"": 0.0011, ""Outros"": 0.0028}"	1696.0
167_2	SUS oferta exames de diagnóstico, tratamento e acompanhamento multidisciplinar para esclerose múltipla	SUS oferta exames de diagnóstico, tratamento e acompanhamento multidisciplinar para esclerose múltipla	Saúde	0.9622	V	0.9254	0.9254	0.0746	"{""Saúde"": 0.9622, ""Política"": 0.0314, ""Economia"": 0.0013, ""Esportes"": 0.0012, ""Entretenimento"": 0.0012, ""Outros"": 0.0027}"	1696.0
168_1	Quedas e queimaduras são maior causa de internação de crianças	Quedas e queimaduras são maior causa de internação de crianças.	Saúde	0.9335	V	0.7675	0.7675	0.2325	"{""Saúde"": 0.9335, ""Política"": 0.0294, ""Economia"": 0.0201, ""Esportes"": 0.0007, ""Entretenimento"": 0.0012, ""Outros"": 0.0151}"	1696.0
168_2	Quedas e queimaduras são maior causa de internação de crianças	Quedas e queimaduras são maior causa de internação de crianças	Saúde	0.9397	V	0.7671	0.7671	0.2329	"{""Saúde"": 0.9397, ""Política"": 0.0232, ""Economia"": 0.0179, ""Esportes"": 0.0008, ""Entretenimento"": 0.0013, ""Outros"": 0.0172}"	1696.0
169_1	Dia de Combate ao Fumo: Ministério da Saúde convida fluminenses a compartilhar os desafios de parar de fumar	Dia de Combate ao Fumo: Ministério da Saúde convida fluminenses a compartilhar os desafios de parar de fumar.	Saúde	0.8563	V	0.9347	0.9347	0.0653	"{""Saúde"": 0.8563, ""Política"": 0.0875, ""Economia"": 0.0046, ""Esportes"": 0.0028, ""Entretenimento"": 0.0037, ""Outros"": 0.045}"	1696.0
169_2	Dia de Combate ao Fumo: Ministério da Saúde convida fluminenses a compartilhar os desafios de parar de fumar	Dia de Combate ao Fumo: Ministério da Saúde convida fluminenses a compartilhar os desafios de parar de fumar	Saúde	0.7993	V	0.9377	0.9377	0.0623	"{""Saúde"": 0.7993, ""Política"": 0.1338, ""Economia"": 0.005, ""Esportes"": 0.0036, ""Entretenimento"": 0.0044, ""Outros"": 0.0539}"	1696.0
170	Aula magna inicia qualificação de profissionais do SUS para a transição da insulina NPH para a glargina	Aula magna inicia qualificação de profissionais do SUS para a transição da insulina NPH para a glargina	Saúde	0.9717	V	0.8368	0.8368	0.1632	"{""Saúde"": 0.9717, ""Política"": 0.0239, ""Economia"": 0.0008, ""Esportes"": 0.0011, ""Entretenimento"": 0.0009, ""Outros"": 0.0016}"	1696.0
171_1	Ministério da Saúde cria grupo de trabalho para aprimorar o Programa Farmácia Popular	Ministério da Saúde cria grupo de trabalho para aprimorar o Programa Farmácia Popular.	Saúde	0.8041	V	0.9438	0.9438	0.0562	"{""Saúde"": 0.8041, ""Política"": 0.1908, ""Economia"": 0.002, ""Esportes"": 0.0018, ""Entretenimento"": 0.0004, ""Outros"": 0.0008}"	1687.7
171_2	Ministério da Saúde cria grupo de trabalho para aprimorar o Programa Farmácia Popular	Ministério da Saúde cria grupo de trabalho para aprimorar o Programa Farmácia Popular	Saúde	0.8036	V	0.9497	0.9497	0.0503	"{""Saúde"": 0.8036, ""Política"": 0.1921, ""Economia"": 0.0017, ""Esportes"": 0.0015, ""Entretenimento"": 0.0004, ""Outros"": 0.0007}"	1687.7
172_1	Ministério da Saúde destaca ações para enfrentar a judicialização, as mudanças climáticas e ampliar a inovação tecnológica na saúde	Ministério da Saúde destaca ações para enfrentar a judicialização, as mudanças climáticas e ampliar a inovação tecnológica na saúde.	Saúde	0.8520	V	0.9519	0.9519	0.0481	"{""Saúde"": 0.852, ""Política"": 0.1421, ""Economia"": 0.0022, ""Esportes"": 0.001, ""Entretenimento"": 0.0005, ""Outros"": 0.0021}"	1687.7
172_2	Ministério da Saúde destaca ações para enfrentar a judicialização, as mudanças climáticas e ampliar a inovação tecnológica na saúde	Ministério da Saúde destaca ações para enfrentar a judicialização, as mudanças climáticas e ampliar a inovação tecnológica na saúde	Saúde	0.7803	V	0.9503	0.9503	0.0497	"{""Saúde"": 0.7803, ""Política"": 0.2129, ""Economia"": 0.0028, ""Esportes"": 0.0012, ""Entretenimento"": 0.0005, ""Outros"": 0.0023}"	1687.7
173_1	Brasil mantém ações de resposta ao sarampo e reforça importância da vacinação	Brasil mantém ações de resposta ao sarampo e reforça importância da vacinação.	Saúde	0.9629	V	0.9335	0.9335	0.0665	"{""Saúde"": 0.9629, ""Política"": 0.0315, ""Economia"": 0.0022, ""Esportes"": 0.001, ""Entretenimento"": 0.0008, ""Outros"": 0.0016}"	1687.7
173_2	Brasil mantém ações de resposta ao sarampo e reforça importância da vacinação	Brasil mantém ações de resposta ao sarampo e reforça importância da vacinação	Saúde	0.9622	V	0.9472	0.9472	0.0528	"{""Saúde"": 0.9622, ""Política"": 0.0319, ""Economia"": 0.002, ""Esportes"": 0.0011, ""Entretenimento"": 0.001, ""Outros"": 0.0018}"	1687.7
174_1	Sesai fortalece promoção do aleitamento materno em territórios indígenas	Sesai fortalece promoção do aleitamento materno em territórios indígenas.	Saúde	0.9550	V	0.9660	0.9660	0.0340	"{""Saúde"": 0.955, ""Política"": 0.0203, ""Economia"": 0.002, ""Esportes"": 0.0018, ""Entretenimento"": 0.004, ""Outros"": 0.0169}"	1687.7
174_2	Sesai fortalece promoção do aleitamento materno em territórios indígenas	Sesai fortalece promoção do aleitamento materno em territórios indígenas	Saúde	0.9552	V	0.9666	0.9666	0.0334	"{""Saúde"": 0.9552, ""Política"": 0.0254, ""Economia"": 0.0013, ""Esportes"": 0.0015, ""Entretenimento"": 0.0033, ""Outros"": 0.0132}"	1687.7
175_1	Dia Nacional de Combate ao Fumo: Ministério da Saúde convida população a compartilhar experiências sobre o tabagismo	Dia Nacional de Combate ao Fumo: Ministério da Saúde convida população a compartilhar experiências sobre o tabagismo.	Saúde	0.9032	V	0.9402	0.9402	0.0598	"{""Saúde"": 0.9032, ""Política"": 0.0568, ""Economia"": 0.0034, ""Esportes"": 0.0018, ""Entretenimento"": 0.0019, ""Outros"": 0.0329}"	1687.7
175_2	Dia Nacional de Combate ao Fumo: Ministério da Saúde convida população a compartilhar experiências sobre o tabagismo	Dia Nacional de Combate ao Fumo: Ministério da Saúde convida população a compartilhar experiências sobre o tabagismo	Saúde	0.8617	V	0.9348	0.9348	0.0652	"{""Saúde"": 0.8617, ""Política"": 0.0881, ""Economia"": 0.0046, ""Esportes"": 0.0024, ""Entretenimento"": 0.0031, ""Outros"": 0.04}"	1687.7
